gender,yearsExperience,yearsSchool,wage
female,9,13,6.3152956461
female,12,12,5.4797699786
female,11,11,3.6421699174
female,9,14,4.5933365997
female,8,14,2.4181574607
female,9,14,2.0940581101
female,8,12,5.5120039196
female,10,12,3.5484271597
female,12,10,5.8182263596
female,7,12,3.8277804998
female,10,14,6.7368936796
female,10,13,12.861342479
female,10,13,7.6555609995
female,9,10,2.4497795198
female,10,13,6.1056621468
female,3,15,8.2680058795
female,9,14,1.8624054829
female,13,11,3.9808917197
female,10,12,4.7634601775
female,11,12,6.3805955861
female,8,14,5.6311238472
female,7,11,2.4880573248
female,7,14,1.2237382772
female,5,12,1.3456535391
female,5,14,0.7511116452
female,10,14,11.330230279
female,11,12,3.8947576562
female,6,13,2.9985152513
female,11,12,3.2678961879
female,9,12,1.3551971812
female,10,14,4.2871141597
female,11,12,7.6249387555
female,11,13,4.4437861058
female,5,12,1.1342814763
female,5,15,9.0641842234
female,12,12,3.9808917197
female,11,12,3.4507052379
female,4,14,8.0967289215
female,10,13,8.7352138308
female,9,15,7.2758451739
female,12,12,5.5120039196
female,8,15,9.786358811
female,7,14,7.0431161195
female,8,11,0.7852717913
female,9,12,4.0087301234
female,10,12,3.6121512769
female,15,7,3.1847133758
female,6,15,5.8182263596
female,10,12,2.2747952684
female,7,16,5.4478926684
female,9,12,2.4035572648
female,8,14,9.0335619794
female,10,13,4.9740959419
female,7,14,9.3276123977
female,10,12,5.8734467996
female,9,12,3.2832096658
female,8,14,2.1435570799
female,5,13,2.5605735685
female,5,14,9.1866731994
female,3,12,2.8351910828
female,10,12,5.8976173626
female,7,12,2.5332947307
female,8,14,8.2680058795
female,8,15,14.102051849
female,9,11,0.7293236738
female,7,11,4.5933365997
female,7,12,3.3777263077
female,10,13,3.1847133758
female,13,9,5.0074109682
female,5,12,2.3189660503
female,9,12,3.387992953
female,10,11,2.4497795198
female,9,13,5.8182263596
female,10,13,5.3588926997
female,7,11,7.1432823382
female,6,12,5.5996360328
female,8,12,3.8277804998
female,6,12,8.0713228206
female,9,12,3.9439174932
female,11,12,6.3455414013
female,7,13,5.4836124351
female,9,13,6.9801937004
female,9,13,10.047012436
female,11,12,5.5120039196
female,8,15,6.2556869882
female,11,12,3.2344745223
female,8,10,1.9183214687
female,4,14,11.091041607
female,8,14,5.1844171234
female,9,14,5.1366344771
female,9,13,4.241819428
female,7,12,3.9028350194
female,11,12,6.7803575098
female,9,12,1.0261854211
female,10,12,4.593064402
female,11,8,0.4386814489
female,9,13,7.3493385595
female,8,12,4.5933365997
female,7,13,4.7245747883
female,6,13,4.8172135096
female,4,12,8.5304822566
female,7,14,6.195187114
female,10,13,4.7046902142
female,10,12,5.083341382
female,6,12,5.790387956
female,7,16,5.103707333
female,7,14,6.9908342396
female,9,12,4.3162052915
female,8,13,7.7100274414
female,5,12,5.7109839017
female,8,12,1.9819297555
female,6,12,5.8175870643
female,9,13,3.6746692798
female,7,13,2.7560019598
female,5,14,4.9481497078
female,9,12,3.9808917197
female,8,13,4.1571449409
female,10,12,4.7444519565
female,8,12,6.6136220264
female,6,13,2.7375759677
female,8,13,5.2495275425
female,8,12,3.9851788339
female,10,12,7.9617834395
female,7,13,6.1182562326
female,8,12,3.1429922399
female,7,13,6.1244487996
female,7,12,4.8621578256
female,8,10,1.8094962362
female,7,12,2.3810941127
female,10,12,3.6746692798
female,9,13,6.984020561
female,9,13,12.248897599
female,10,12,7.3493385595
female,6,12,1.9780828421
female,10,12,3.2153356198
female,6,12,4.7278219187
female,7,13,8.7296711824
female,10,12,6.6546249644
female,8,13,4.6267022409
female,4,11,3.0622243998
female,7,13,5.9061957151
female,9,12,4.4795968363
female,8,12,3.3684468398
female,10,12,2.8070390332
female,5,14,7.7241182622
female,7,13,3.694563081
female,7,14,6.498828198
female,8,13,2.3891985138
female,6,12,4.5933365997
female,8,12,4.5933365997
female,7,11,4.0829658664
female,4,12,2.4560771536
female,8,13,7.6555609995
female,5,14,3.1649325474
female,6,13,4.9425376278
female,7,12,3.6746692798
female,6,10,2.0220402386
female,10,12,9.7991180794
female,6,13,7.5826508948
female,8,13,2.9903411979
female,9,12,4.2871141597
female,6,11,4.5933365997
female,4,12,1.2132241432
female,6,12,6.1244487996
female,7,14,7.1463085564
female,8,11,3.3616418967
female,3,12,2.1435570799
female,6,12,1.9598236159
female,1,13,4.32211101
female,8,12,0.1028907398
female,5,9,2.5477707006
female,8,12,7.9617834395
female,8,12,6.5739496289
female,7,11,4.2871141597
female,4,11,3.2938447178
female,6,12,6.9107704357
female,9,12,4.4479237092
female,5,11,0.7799298063
female,7,12,4.7230918709
female,8,12,3.9317449084
female,8,10,1.3504084986
female,6,13,3.5385704176
female,6,12,2.87054786
female,6,11,2.4811139091
female,4,12,4.1340029397
female,9,12,1.5329546935
female,8,12,2.4497795198
female,6,11,4.4613441687
female,3,13,4.0429136911
female,7,11,3.3684468398
female,7,14,5.1087252083
female,8,11,7.2599848992
female,6,12,8.2680058795
female,9,12,3.2153356198
female,6,12,4.9146811355
female,6,12,5.639596603
female,9,12,4.303666724
female,9,12,4.5933365997
female,7,12,2.7186577598
female,7,12,4.4053672057
female,10,11,2.3828757021
female,7,12,7.9617834395
female,4,11,4.7890426704
female,8,12,9.6096961834
female,6,12,0.9312027415
female,8,11,2.8201186031
female,8,13,3.5107076584
female,9,12,3.9808917197
female,4,12,5.5120039196
female,7,12,2.9488086813
female,5,12,4.5933365997
female,7,10,4.4785031847
female,7,12,3.0421142694
female,3,12,3.5783296357
female,8,12,5.2037800258
female,2,12,2.6154650912
female,8,12,2.7997480227
female,3,12,6.5486530455
female,6,11,4.4855117969
female,9,11,2.6211632723
female,9,12,7.8340542934
female,8,13,6.2784349409
female,8,12,4.5933365997
female,4,13,6.4306712396
female,8,12,5.247725439
female,7,12,12.535891451
female,5,12,2.2798842959
female,5,14,7.6555609995
female,3,12,4.8995590397
female,9,11,9.8369525121
female,6,12,7.3493385595
female,7,11,4.4605327626
female,8,8,1.7646227374
female,9,11,6.5870870183
female,9,10,3.7913254474
female,7,11,5.8182263596
female,5,11,9.5601151994
female,4,10,3.1376486461
female,8,11,4.7938485336
female,5,10,0.5188942364
female,6,10,2.9433580183
female,6,11,3.3924120742
female,4,11,6.1372080679
female,4,12,4.385411563
female,9,11,3.6746692798
female,6,12,2.8172464478
female,4,11,3.9196472317
female,7,11,2.9236712958
female,8,10,6.0884226302
female,3,10,1.7095431108
female,8,11,9.1866731994
female,2,11,2.5297811458
female,5,12,4.8131688299
female,4,11,4.0185657739
female,9,10,3.1867050665
female,5,11,1.5696087352
female,7,11,3.0622243998
female,4,11,4.8995590397
female,5,11,5.1574305681
female,7,10,1.7085372188
female,5,11,5.7562599327
female,5,11,5.7413645272
female,7,11,9.9079971691
female,3,10,2.3700192564
female,8,11,4.7770700637
female,8,11,3.3684468398
female,7,12,7.9617834395
female,4,11,3.0009799118
female,6,11,4.8344795078
female,8,10,5.0526702597
female,4,12,6.4306712396
female,6,11,0.7655561
female,5,11,5.2002694757
female,5,10,3.4805610664
female,4,11,0.9295483203
female,8,10,1.8761644785
female,4,12,4.2871141597
female,7,13,3.7555582262
female,6,11,3.6746692798
female,7,11,15.923566879
female,5,12,5.4082564263
female,5,12,5.1366344771
female,2,11,1.7122114924
female,4,10,4.4607615196
female,9,10,2.9013278635
female,9,10,6.0445247428
female,9,10,8.2680058795
female,7,11,6.2856185049
female,8,12,5.6651151396
female,7,10,5.6651151396
female,3,12,3.1847133758
female,4,11,5.861435661
female,8,11,6.5118739952
female,7,11,1.7777506882
female,9,10,6.8243858053
female,8,11,4.2462845011
female,5,11,5.3895149437
female,5,8,2.9785089126
female,6,10,1.6331863466
female,5,10,2.7560019598
female,7,11,3.9709093713
female,8,10,6.2605476618
female,6,10,3.2570932252
female,4,10,3.1551339946
female,7,10,6.1244487996
female,7,10,3.6938917385
female,8,10,3.1154804763
female,9,10,0.9186673199
female,6,12,12.248897599
female,8,10,1.7284740167
female,5,11,5.5872164488
female,5,10,4.4437861058
female,3,9,3.2729404666
female,7,9,3.6746692798
female,9,14,5.1445369917
female,8,15,5.2086433716
female,11,12,6.451247451
female,12,12,4.5933365997
female,11,12,3.8964682412
female,6,14,5.0179307392
female,10,14,5.7569818716
female,11,11,0.4246284501
female,9,15,5.0906418422
female,9,14,5.8674350834
female,11,12,4.6083707763
female,12,11,4.2871141597
female,9,10,4.4729120447
female,11,12,7.1237009722
female,7,15,8.5495661095
female,8,15,10.411562959
female,6,14,3.0330603579
female,3,14,5.9713375796
female,13,11,5.4439544885
female,7,14,2.2568834947
female,9,13,5.6617126681
female,10,10,2.5477707006
female,11,12,5.9021715073
female,12,12,2.8784909358
female,11,12,3.7103456805
female,9,13,7.6471356697
female,10,13,4.4897275035
female,9,12,4.2194335602
female,9,14,6.1244487996
female,4,14,3.9808917197
female,13,11,5.1196337956
female,8,12,3.3868201862
female,8,13,1.6543965589
female,10,13,8.9327326394
female,7,12,5.1366344771
female,10,13,3.9808917197
female,14,9,5.7526182403
female,9,14,8.1731582211
female,9,12,7.593266606
female,9,14,10.419403648
female,11,12,4.491262453
female,8,12,4.0143445913
female,10,12,3.0896473049
female,8,14,3.7733570803
female,8,14,5.9713375796
female,10,12,3.821656051
female,9,13,5.8182263596
female,10,12,4.0059287746
female,11,12,5.5120039196
female,11,12,6.7368936796
female,4,16,9.4361877801
female,7,13,7.0431161195
female,8,13,7.3065743285
female,11,12,6.6494015539
female,13,10,9.1993096137
female,11,12,7.6555609995
female,11,12,7.6072100879
female,7,14,7.2741748697
female,8,14,3.3684468398
female,11,12,2.8708353748
female,10,12,5.6962353063
female,10,12,6.2704201181
female,15,6,4.303666724
female,8,14,11.452719255
female,7,14,1.2489072062
female,7,13,5.0726044074
female,7,12,7.0147871714
female,9,12,6.4306712396
female,9,12,6.7368936796
female,9,12,3.6746692798
female,9,10,0.4496065942
female,8,13,7.4832849318
female,10,9,3.2148526191
female,7,13,3.2920013231
female,9,12,5.0593272692
female,7,12,3.0622243998
female,11,9,3.0330603579
female,7,12,3.6428749569
female,9,12,3.4616449737
female,9,12,4.5933365997
female,9,13,6.8593826556
female,10,12,5.1924674605
female,7,13,9.0723661982
female,4,15,7.9617834395
female,6,9,2.4497795198
female,8,14,14.698677119
female,6,13,0.428711416
female,7,11,7.9617834395
female,7,13,7.3493385595
female,5,13,5.0551005965
female,7,13,5.1848808873
female,12,9,3.6316906917
female,9,12,4.9852787651
female,9,11,0.07655561
female,5,12,0.4747398821
female,8,13,7.0929028414
female,7,12,2.7322228697
female,9,12,4.0227958431
female,8,13,4.9358765258
female,9,10,3.6746692798
female,8,14,3.3093661681
female,8,12,5.3737099145
female,8,12,4.7574718275
female,6,10,2.6628038259
female,8,10,5.294280548
female,9,12,3.2663726931
female,6,10,4.8407643312
female,5,11,1.1857975335
female,6,12,4.1571268721
female,6,12,6.7368936796
female,9,11,2.8466711739
female,5,10,2.7560019598
female,8,12,3.9808917197
female,7,11,6.0306274563
female,9,12,5.3744943977
female,12,8,2.1435570799
female,12,9,4.5933365997
female,7,12,3.3684468398
female,8,12,5.7511753965
female,10,8,6.1480953201
female,1,12,2.7746776749
female,8,11,4.7651571708
female,4,11,2.4497795198
female,9,12,7.0122129375
female,4,12,8.1659317328
female,6,9,3.5433038299
female,8,12,2.370754374
female,8,11,7.7307026536
female,8,12,3.3684468398
female,8,12,6.1244487996
female,8,12,4.5933365997
female,9,9,3.7467216186
female,6,12,5.9713375796
female,7,11,1.887237556
female,4,11,1.8387490622
female,10,9,2.6028907398
female,9,10,3.0622243998
female,9,11,5.8021093891
female,8,11,7.3493385595
female,5,8,1.4812620353
female,8,9,4.8285041294
female,8,11,6.4994150526
female,5,11,3.6746692798
female,9,11,5.7291140094
female,8,10,6.8243858053
female,6,11,3.2459578638
female,7,11,4.7691215278
female,9,11,3.4634552551
female,9,9,5.5120039196
female,9,11,5.8903453313
female,5,10,3.256353145
female,5,10,3.8602586373
female,9,10,4.8459421872
female,5,12,8.0978823017
female,8,11,4.1030049627
female,3,10,3.3684468398
female,8,11,4.2871141597
female,4,12,5.2764481966
female,7,11,4.7770700637
female,7,9,4.8745612895
female,8,11,3.7359137678
female,7,10,5.8182263596
female,8,10,4.0194110759
female,8,11,5.6816482761
female,8,11,7.6555609995
female,7,11,7.3493385595
female,8,12,4.6834020232
female,6,7,5.790387956
female,6,9,2.0489723207
female,7,11,2.3221868365
female,4,11,9.9263793531
female,5,11,4.9761146497
female,6,10,3.7969757088
female,6,11,4.8144292014
female,4,11,2.2707006369
female,3,10,5.5732484076
female,10,10,7.3720217032
female,9,11,6.4729946663
female,8,9,1.5824662737
female,5,9,3.2449772388
female,10,5,0.6031654121
female,6,8,1.9798395764
female,5,10,7.3493385595
female,4,10,4.9628450106
female,8,10,3.2218890183
female,4,11,5.1075591876
female,5,10,4.6855553115
female,9,6,2.211606511
female,5,9,2.2747952684
female,3,11,2.6444832302
female,9,10,7.4138064416
female,8,10,7.2633813834
female,7,10,7.5886736516
female,9,10,7.4694770008
female,9,7,2.6589637293
female,6,9,5.7259401448
female,9,8,2.7560019598
female,6,9,4.3366309798
female,9,15,8.9825249061
female,9,15,7.7025625833
female,7,13,3.6396724295
female,8,12,2.6710499281
female,6,14,5.6140780663
female,11,12,5.1113311567
female,8,12,5.3973274524
female,9,12,2.365304364
female,9,15,7.0194928264
female,10,12,4.5267665041
female,10,13,9.624133828
female,12,12,7.0914670311
female,12,12,4.5495905369
female,11,13,5.5201698514
female,8,14,2.5225452482
female,7,15,10.557060914
female,7,15,7.6993070624
female,11,12,6.0268480219
female,6,16,5.0417626002
female,9,15,5.010365193
female,12,9,3.9808917197
female,8,12,3.7784734967
female,10,12,4.491262453
female,8,10,0.22966683
female,11,12,6.1703821656
female,11,13,12.248897599
female,12,12,3.9808917197
female,14,7,0.4447923709
female,8,13,4.4317494412
female,10,12,3.0622243998
female,11,12,2.5077992981
female,10,12,3.1070374398
female,10,13,6.6348195329
female,9,12,6.0251334137
female,10,12,5.6969622734
female,11,12,12.312036247
female,7,15,3.8901222017
female,10,12,2.7560019598
female,12,12,5.1751592357
female,12,10,2.7052941579
female,8,16,4.184513117
female,11,13,3.9352151157
female,11,12,4.382633086
female,10,13,10.899087528
female,10,12,7.3961922662
female,9,15,6.4306712396
female,7,10,14.091652105
female,8,15,6.8243858053
female,8,14,3.6053358971
female,12,12,5.6927971477
female,9,12,2.4115017148
female,13,11,5.3588926997
female,11,12,0.4258112592
female,11,12,3.0622243998
female,11,12,2.4566932908
female,10,12,6.7368936796
female,8,15,12.669745799
female,3,15,2.4126616483
female,8,12,2.5735057582
female,10,14,9.8344211296
female,6,14,0.6144141561
female,11,12,6.6160240102
female,10,14,15.127388535
female,10,12,9.3927030438
female,12,12,4.9608035277
female,12,12,4.8932855966
female,10,12,2.211606511
female,12,12,3.3684468398
female,11,12,5.5271885034
female,12,12,7.5456271436
female,8,12,5.1328713749
female,7,16,9.3668040465
female,6,16,5.9323092294
female,12,12,3.7945521073
female,10,13,3.8996490316
female,10,12,8.5742283195
female,11,13,6.2775600196
female,10,14,3.6746692798
female,11,12,1.1961364792
female,5,12,3.0622243998
female,8,14,5.7124903602
female,12,12,6.7924085572
female,11,13,3.116157902
female,10,12,7.5636942675
female,10,12,3.8496535312
female,12,12,5.3725249076
female,11,13,3.0547250747
female,11,13,9.5903300521
female,8,15,12.395985811
female,9,13,5.925048141
female,12,12,4.948500251
female,11,12,3.9196472317
female,10,13,3.0622243998
female,3,15,3.2685216225
female,8,12,11.15418936
female,11,12,2.9856687898
female,10,12,6.1030132288
female,7,12,4.1449631789
female,10,10,6.3694267516
female,6,13,2.9890654551
female,9,15,6.2729202857
female,6,16,5.3674944536
female,10,12,4.3711752217
female,10,12,4.4096031357
female,12,11,4.0693559802
female,10,11,3.9602653378
female,7,16,6.7368936796
female,7,14,0.9621490561
female,8,12,6.5327453862
female,10,14,5.5028172464
female,9,10,2.7513722469
female,16,8,2.8640234285
female,8,15,6.5550457686
female,9,15,4.7770700637
female,9,15,4.9631896766
female,9,15,6.1244487996
female,8,15,6.7082260469
female,8,15,6.0938265556
female,5,14,8.9171974522
female,7,15,5.2588758998
female,8,15,3.0219907946
female,12,10,3.821656051
female,13,10,5.5120039196
female,8,15,5.5120039196
female,10,12,3.1070374398
female,7,12,8.0830288726
female,9,9,21.231422505
female,9,14,5.8182263596
female,7,14,4.9307146543
female,9,15,4.4136348214
female,8,15,7.4173205482
female,10,12,3.6746692798
female,8,15,5.8182263596
female,11,12,3.2235513438
female,13,9,1.6211776234
female,6,12,1.0158575361
female,12,9,6.3796341663
female,12,12,3.5850431998
female,11,11,2.7560019598
female,10,14,0.7729886834
female,9,12,2.1373915274
female,11,11,3.5521803038
female,11,12,4.3051584629
female,10,10,3.574678279
female,6,16,10.128063739
female,8,15,4.444599986
female,12,12,4.7464478197
female,10,14,5.9158762399
female,10,14,5.3106215751
female,9,15,8.6984494628
female,9,15,15.311121999
female,11,12,2.8100412139
female,8,15,8.0223293212
female,7,15,7.8723251986
female,7,15,12.948834605
female,9,15,3.5276825086
female,9,14,7.1700863995
female,9,15,8.3598726115
female,9,15,7.111342906
female,8,15,11.18476047
female,9,15,8.5742283195
female,7,14,2.9973772949
female,8,14,9.3178656763
female,11,10,6.244536031
female,7,13,2.1231422505
female,3,14,2.3945213352
female,9,15,7.1432823382
female,8,15,5.9028226736
female,7,15,7.7361458521
female,11,13,3.651263743
female,6,12,2.6650321136
female,9,12,32.497400234
female,12,12,8.4211170995
female,7,13,6.0884226302
female,10,14,1.5596049832
female,12,12,6.0325820676
female,12,12,5.8794708476
female,7,16,8.7273395394
female,7,12,2.7560019598
female,9,14,11.777786153
female,11,12,7.6629607191
female,9,15,6.87701603
female,9,14,7.0431161195
female,8,12,5.854252529
female,11,12,0.91121985
female,11,12,1.6331863466
female,8,15,9.0165496216
female,8,12,2.7014275422
female,9,12,7.9268122092
female,10,12,5.8182263596
female,9,14,8.2719827943
female,13,9,6.7691276206
female,9,12,8.2935244161
female,13,9,7.2052338819
female,10,12,6.4245873501
female,11,12,7.2831283022
female,8,14,5.0685093514
female,9,12,8.3698117629
female,10,12,7.232505774
female,10,12,5.1753277034
female,5,12,4.1082473888
female,9,13,4.2871141597
female,7,14,8.7160576601
female,6,14,6.7368936796
female,8,12,4.1739362723
female,13,10,3.4450024498
female,10,13,9.1866731994
female,10,12,7.5191252589
female,10,12,3.0115492915
female,11,12,4.1449631789
female,9,13,16.003584803
female,10,8,3.0944583409
female,9,14,11.024007839
female,7,11,1.8115548213
female,8,14,7.6555609995
female,11,12,6.4306712396
female,9,12,4.0727584517
female,7,12,1.9035068453
female,11,12,6.0504053772
female,8,12,2.6265677326
female,10,12,3.7913254474
female,11,12,5.092407612
female,7,13,7.3065743285
female,3,15,4.4855117969
female,8,14,12.283894449
female,4,12,2.9856687898
female,9,14,15.311121999
female,7,12,1.2156505914
female,8,12,4.3967510941
female,9,13,3.5521803038
female,9,13,6.1863972472
female,7,12,2.562413061
female,9,10,2.5971548023
female,9,10,4.644373673
female,6,12,2.578715284
female,8,13,4.2062252133
female,11,11,4.5933365997
female,6,12,1.5923566879
female,10,12,2.7408197434
female,7,13,4.4402253797
female,9,12,1.6939964765
female,8,14,6.3694267516
female,5,12,1.9200974615
female,9,14,7.2624375968
female,5,12,3.6746692798
female,10,12,3.6746692798
female,9,13,3.821656051
female,9,14,7.6555609995
female,8,14,9.6708573715
female,11,12,6.7209860203
female,8,14,7.1009595674
female,9,14,10.795638562
female,9,14,9.2741653251
female,8,12,4.0783344424
female,10,12,5.8182263596
female,7,14,7.1349828515
female,10,12,3.8996490316
female,8,14,8.8464260439
female,11,12,4.2871141597
female,9,14,20.99811017
female,9,14,6.6302906459
female,3,15,3.9808917197
female,6,12,2.6951029979
female,8,14,7.6555609995
female,10,12,6.8488459695
female,11,12,5.5732484076
female,9,12,0.6687062206
female,11,12,5.2531354652
female,8,14,8.0820520715
female,9,12,3.3458078267
female,10,12,10.148102603
female,10,12,7.3493385595
female,12,7,3.0622243998
female,11,12,2.9292202741
female,8,12,4.1588421783
female,11,12,7.1299553189
female,7,14,5.3895149437
female,7,12,1.0919017288
female,9,14,4.5933365997
female,10,12,5.0526702597
female,14,7,3.1450896164
female,10,9,4.6391494057
female,7,14,6.1244487996
female,8,13,30.862170858
female,7,14,9.1866731994
female,7,15,10.313190984
female,8,13,6.7368936796
female,7,13,7.6963906582
female,6,14,16.971826768
female,8,13,6.8243858053
female,8,12,4.5066698714
female,7,15,4.1878493932
female,11,12,3.1756401183
female,11,12,5.2057814797
female,11,12,2.1963540523
female,9,13,4.3823577084
female,8,14,4.5933365997
female,11,12,4.5933365997
female,12,10,6.4306712396
female,6,12,3.9156311997
female,12,9,3.0622243998
female,6,14,5.8362421582
female,9,10,7.3493385595
female,7,14,8.7579617834
female,9,14,10.795638562
female,13,10,5.790387956
female,15,8,2.3885350318
female,6,15,2.9125701065
female,8,14,7.1130654079
female,4,12,2.113079965
female,10,12,7.4751218601
female,6,13,1.1905470564
female,8,14,7.4126949264
female,7,14,2.5477707006
female,8,14,10.464058235
female,8,15,7.4309978769
female,7,12,3.3760212464
female,7,15,6.1244487996
female,8,9,3.2842356688
female,9,13,6.7368936796
female,10,12,4.7120759132
female,7,9,8.0748310745
female,10,10,4.3526834293
female,10,12,15.311121999
female,6,14,2.3246083035
female,8,14,7.1962273395
female,6,14,9.7378735914
female,8,14,3.1847133758
female,8,14,9.2758642013
female,8,14,6.1621542891
female,12,10,5.780867222
female,9,13,7.9617834395
female,11,11,4.6436086828
female,7,14,2.7639749645
female,8,9,2.8810907366
female,8,13,2.7173322319
female,7,10,1.8366282444
female,11,12,2.7560019598
female,10,12,4.5593459089
female,7,12,3.0350959689
female,8,12,3.9808917197
female,6,15,6.1244487996
female,7,14,12.861342479
female,11,12,7.8392944635
female,8,11,2.8034448731
female,7,14,13.998740113
female,8,14,2.9193205945
female,6,15,10.411562959
female,8,14,5.5290162774
female,9,13,4.4096031357
female,10,12,4.8995590397
female,7,15,5.6712395884
female,7,11,4.1340029397
female,8,14,7.2517192618
female,9,14,8.9570063694
female,7,14,11.636452719
female,8,13,3.2764540903
female,6,14,3.6307807216
female,5,11,2.9711611669
female,6,13,5.5640969324
female,8,15,6.1351746294
female,8,14,7.2517192618
female,7,15,14.649095565
female,7,14,10.311001022
female,9,14,5.5120039196
female,4,12,1.1362041425
female,4,12,5.4284887087
female,9,12,13.178124314
female,9,14,8.7894573389
female,10,12,6.0251334137
female,7,14,2.8847041447
female,9,14,4.9487291045
female,11,12,5.7263596276
female,8,15,4.8995590397
female,10,12,3.9808917197
female,7,14,7.8392944635
female,8,14,8.2796633725
female,9,12,6.4994150526
female,5,12,1.7249894352
female,8,13,4.8995590397
female,6,14,12.132241432
female,11,12,3.1222680155
female,13,9,5.397819281
female,6,13,8.5742283195
female,7,13,6.4306712396
female,6,13,7.0063694268
female,6,13,5.4346644638
female,6,13,8.9623180881
female,8,13,10.978937464
female,8,13,8.8192062714
female,8,13,3.2386915686
female,10,12,5.6051867939
female,9,13,7.1812164356
female,8,13,6.1556006246
female,8,12,6.7368936796
female,6,13,7.8739050351
female,9,12,5.5455208036
female,5,13,7.9617834395
female,10,12,2.3873413612
female,7,12,3.0622243998
female,6,13,1.0686957637
female,8,13,4.1521686777
female,6,12,4.0312827542
female,10,12,5.6533373535
female,4,12,16.472655392
female,8,10,1.5923566879
female,10,12,4.2819675641
female,3,13,9.4783136184
female,6,12,1.7402805332
female,9,13,3.3684468398
female,9,13,5.4268658422
female,7,13,5.2057814797
female,9,12,3.5336625529
female,7,13,9.1866731994
female,6,11,1.858782126
female,9,12,1.3054079864
female,11,11,3.8176374852
female,8,13,4.4096031357
female,7,11,0.2123142251
female,7,15,8.7119818791
female,7,12,4.0873326748
female,6,13,5.6600356205
female,9,12,8.5742283195
female,8,12,2.6580810648
female,8,12,2.441729861
female,9,12,7.2956581318
female,6,14,7.9617834395
female,8,12,1.5923566879
female,8,13,7.1962273395
female,9,12,5.1681752151
female,7,14,8.3151785269
female,6,12,3.0504291651
female,10,12,1.3965454899
female,9,12,2.8221056189
female,6,12,3.2587764776
female,9,12,5.5120039196
female,8,12,4.7426855931
female,9,12,5.790387956
female,4,14,9.8598726115
female,8,12,3.6746692798
female,6,12,2.8576690311
female,8,12,3.9439174932
female,3,12,2.148204638
female,10,10,3.9808917197
female,8,13,8.5742283195
female,6,13,5.8078903881
female,7,13,4.3240720404
female,2,13,6.7341956845
female,5,9,1.1927765452
female,10,12,4.1340029397
female,8,12,4.5933365997
female,11,10,12.17684526
female,7,13,7.4358013661
female,8,13,6.833101496
female,10,12,8.9171974522
female,9,12,8.2839365266
female,7,13,7.3519091571
female,7,12,0.6824385805
female,7,12,3.7031550881
female,6,12,5.8505117926
female,8,12,7.1513024906
female,8,13,7.1615858382
female,6,13,1.185377187
female,8,12,5.2406675804
female,7,13,3.7809382544
female,8,13,3.5265974017
female,6,13,7.6555609995
female,6,13,4.8085103235
female,8,13,5.3391207478
female,7,13,3.7436630703
female,9,12,4.4708476237
female,10,12,5.7222235377
female,5,12,1.7292561317
female,7,12,1.3339113616
female,9,12,3.3463256964
female,8,12,4.9806363752
female,9,13,5.6651151396
female,6,10,4.4096031357
female,6,12,0.6757069139
female,10,12,8.9303302909
female,9,12,3.1154804763
female,10,12,6.0868241995
female,9,12,3.0622243998
female,8,12,6.0387341663
female,7,14,6.5225379716
female,9,13,5.2057814797
female,8,12,2.3331233522
female,10,11,4.8211491416
female,8,12,6.6656791586
female,9,13,5.2789036865
female,9,13,5.639596603
female,10,12,6.8043109748
female,7,12,5.5120039196
female,8,13,7.9617834395
female,6,14,12.552361278
female,6,12,9.1101856388
female,8,11,4.5495905369
female,9,12,6.2953636498
female,8,12,6.175344496
female,7,13,6.1244487996
female,6,12,3.4996850283
female,8,12,3.3665046256
female,7,13,6.1223052425
female,8,13,5.2980985388
female,9,12,4.3126326964
female,8,13,5.0745432911
female,6,12,3.821656051
female,6,13,6.2775600196
female,8,12,8.7273395394
female,7,13,5.2608834526
female,7,13,10.942348522
female,6,13,5.5732484076
female,9,12,9.3302149682
female,4,12,7.9141080896
female,5,12,5.3895149437
female,9,12,2.9091131798
female,11,11,9.0133397428
female,9,12,4.9927016985
female,3,12,2.2456312265
female,9,12,3.3684468398
female,8,13,7.3493385595
female,8,12,4.0589484201
female,8,11,3.0293615038
female,5,12,2.4497795198
female,4,13,2.7186577598
female,6,12,0.6798238733
female,9,12,5.237084218
female,7,12,3.1790365249
female,8,13,4.8995590397
female,6,8,0.0979911808
female,7,12,2.564181462
female,8,13,11.373976342
female,8,13,5.7039642552
female,7,13,8.0098424945
female,11,9,0.9080649137
female,8,13,7.4063101763
female,8,13,2.8365868125
female,7,13,3.6676161717
female,7,12,2.9856687898
female,9,12,4.6545810877
female,8,12,2.7890079713
female,10,12,2.1021210401
female,8,12,4.0904575469
female,6,14,8.6481440808
female,9,11,3.0170968823
female,8,12,2.5477707006
female,6,9,1.1450654834
female,7,13,7.6555609995
female,11,11,7.0771408351
female,8,13,1.7498425142
female,10,12,5.5120039196
female,8,12,3.9808917197
female,6,12,4.0146689828
female,4,12,3.9705517413
female,10,12,3.5385704176
female,5,14,4.4626556858
female,7,13,6.1244487996
female,9,12,4.0882629884
female,7,12,1.707621113
female,6,13,6.7368936796
female,3,13,0.5941629432
female,4,12,1.4519969798
female,6,13,9.7991180794
female,8,13,5.6971616741
female,9,12,16.780989711
female,9,12,2.8626637086
female,8,14,5.790387956
female,7,13,7.5024497795
female,3,12,3.5498397501
female,9,13,2.4146942192
female,13,7,4.3551635908
female,10,11,1.995434446
female,9,12,1.1708505058
female,8,13,7.3493385595
female,6,11,4.2704850689
female,6,9,2.6539278132
female,6,12,3.3523298693
female,6,12,5.9713375796
female,9,13,4.8995590397
female,8,13,1.6379755552
female,8,13,5.9713375796
female,6,12,2.7522214359
female,8,12,12.786804018
female,5,12,3.3684468398
female,8,14,3.6746692798
female,10,12,2.6832904188
female,3,14,2.895193978
female,4,12,11.207202495
female,5,12,4.1040120822
female,4,14,2.7981630204
female,8,12,2.1638797429
female,10,12,3.0510340489
female,7,12,6.1712956798
female,8,12,9.6832501291
female,9,12,8.0492755652
female,9,11,4.7360245179
female,4,12,6.873482106
female,9,12,3.8277804998
female,9,12,10.294023033
female,8,12,13.087863188
female,9,12,3.4066626062
female,6,13,5.2768155349
female,5,12,4.5495905369
female,7,12,3.7031550881
female,9,12,3.5840825773
female,5,9,5.3524594551
female,8,12,4.5495905369
female,6,9,3.5385704176
female,9,12,6.0661207158
female,6,12,7.0640592439
female,4,12,2.9034423939
female,7,12,8.3343014593
female,5,12,1.9904458599
female,8,11,5.5120039196
female,8,11,3.5125515174
female,9,11,4.1646251837
female,6,12,5.0246057901
female,9,12,5.516059846
female,8,12,5.9713375796
female,9,12,7.0147871714
female,5,12,5.245410266
female,4,12,4.4402253797
female,13,7,3.0622243998
female,6,12,6.5664193315
female,6,12,7.3807459893
female,6,12,2.1755157785
female,9,12,4.8995590397
female,9,8,6.8111173948
female,8,12,3.9808917197
female,6,11,6.4306712396
female,5,11,3.3760212464
female,9,12,5.1110293691
female,6,12,2.9217553906
female,8,12,7.3493385595
female,7,12,10.100770035
female,8,12,6.5010264779
female,7,12,8.2680058795
female,8,12,2.7773663161
female,9,12,5.8087997887
female,8,12,4.5933365997
female,7,12,11.008885743
female,9,12,7.7285931295
female,7,12,1.9610304038
female,6,12,7.6644554272
female,9,12,4.2862898732
female,7,12,2.2480329712
female,5,12,6.1024447919
female,9,11,6.7368936796
female,8,11,2.9785089126
female,9,12,4.0621344079
female,6,12,5.5120039196
female,6,12,5.7096454945
female,5,13,6.4148653814
female,10,9,6.3900397832
female,7,12,10.411562959
female,8,10,3.7637521714
female,8,11,2.7613121755
female,9,11,5.0880036181
female,9,12,3.334778404
female,10,8,2.895193978
female,4,11,2.5186661144
female,8,12,4.069921247
female,9,11,3.8277804998
female,6,12,5.6491589815
female,6,12,5.8182263596
female,6,12,2.2966682999
female,11,10,3.9808917197
female,3,12,1.4928343949
female,2,12,2.5683172385
female,6,12,5.5953968535
female,9,12,10.615711253
female,3,12,8.2046853071
female,6,12,1.2248897599
female,9,12,11.005994755
female,7,12,6.6148150519
female,5,9,1.5976822955
female,9,12,7.1671631745
female,9,12,7.6555609995
female,9,12,4.1513954619
female,8,12,9.5983722576
female,6,12,6.4861779548
female,6,12,9.4222289225
female,7,12,8.0440521547
female,6,13,4.8995590397
female,5,12,4.8995590397
female,7,12,4.6584903103
female,8,12,3.5092098468
female,5,11,1.8423961678
female,8,12,3.0696032538
female,9,12,3.9347810048
female,7,12,3.0622243998
female,9,12,6.1244487996
female,6,12,4.8995590397
female,9,12,5.3588926997
female,8,12,6.250372046
female,6,12,3.9808917197
female,8,12,5.8644338378
female,9,11,4.6350288568
female,5,12,1.6193457843
female,5,12,5.1644000689
female,8,12,3.928280816
female,6,12,4.0867082732
female,5,11,6.244536031
female,9,11,4.5001384658
female,9,12,3.1743397166
female,8,12,3.7705169035
female,5,11,2.3302780799
female,5,12,7.9617834395
female,8,12,6.8488459695
female,9,12,5.1408830832
female,9,12,9.5678084251
female,9,11,5.8704394024
female,8,12,3.9196472317
female,7,12,7.6555609995
female,9,12,6.7368936796
female,7,9,4.2871141597
female,6,13,8.2104658176
female,10,11,2.6429156646
female,8,12,3.6746692798
female,7,12,0.6898296121
female,8,12,1.8219184072
female,5,12,6.6494015539
female,7,11,3.9808917197
female,6,12,2.5022747953
female,8,11,1.486839076
female,7,11,4.0969726104
female,9,11,7.2967179971
female,9,11,4.2111912407
female,5,13,8.3685898926
female,9,11,3.1563066162
female,9,12,4.7127232653
female,8,12,3.5262163064
female,7,12,4.7035766781
female,8,10,4.1704579921
female,9,12,4.838652919
female,3,11,2.4581835662
female,9,12,6.1244487996
female,6,12,8.8804507594
female,7,12,7.6555609995
female,8,11,5.2025656081
female,6,12,3.15466891
female,5,12,3.4198264438
female,9,12,4.8859415882
female,9,12,0.5197900048
female,9,12,4.2871141597
female,6,12,3.0622243998
female,6,13,4.693261817
female,8,12,10.924692453
female,8,11,4.6768518106
female,9,10,2.4497795198
female,9,12,2.2292993631
female,9,12,4.2099461049
female,8,12,5.1717567641
female,7,12,1.2208649305
female,6,12,2.9200810322
female,4,10,2.9098903941
female,7,12,1.5589506035
female,9,12,3.768891569
female,9,12,7.9617834395
female,4,11,0.8165931733
female,7,12,3.9502694757
female,6,10,2.1710424111
female,7,12,4.4585987261
female,6,10,3.5486806187
female,6,13,11.636452719
female,8,12,2.915582668
female,5,11,2.3885350318
female,6,11,4.8995590397
female,4,12,7.0431161195
female,6,12,4.3871051605
female,7,11,5.3078556263
female,9,12,5.8941695247
female,6,10,2.3306841224
female,6,12,1.0070239923
female,9,12,6.361474908
female,10,11,6.0537660911
female,10,10,3.4011502072
female,8,12,4.9761146497
female,9,12,2.8662420382
female,7,11,2.7811709275
female,9,11,2.7793862189
female,5,13,3.1483858468
female,10,10,3.6746692798
female,8,12,8.8804507594
female,9,12,4.8995590397
female,8,12,0.2813351039
female,9,12,7.5564133484
female,8,12,4.8995590397
female,5,12,2.2845863528
female,9,12,2.8266686767
female,8,13,6.0155697098
female,5,13,4.5083711435
female,9,12,9.4773409849
female,11,10,8.6365108496
female,4,12,3.6746692798
female,6,12,3.1222680155
female,9,11,9.2007477699
female,2,12,4.2441080354
female,9,12,2.5150747292
female,5,11,3.5923014217
female,5,12,4.7356332726
female,6,12,3.8770423705
female,8,11,6.0495647095
female,6,11,2.9239908577
female,7,11,10.393004024
female,9,11,8.5936710141
female,8,11,7.3175232411
female,7,10,7.1628053475
female,7,12,6.7691276206
female,8,10,6.2195911467
female,7,11,11.306674707
female,8,10,4.679354139
female,7,11,4.2874352919
female,4,11,3.1131118043
female,7,11,4.8107452807
female,8,11,6.6079579154
female,10,8,2.5830213449
female,6,11,12.095786379
female,6,8,1.4461679693
female,4,11,7.9617834395
female,6,11,5.5885595296
female,8,11,5.2182493248
female,8,10,3.2168821978
female,9,11,3.3291528099
female,3,11,3.0622243998
female,9,11,4.2747830548
female,9,11,4.7464478197
female,8,11,6.3422456986
female,7,10,1.835569669
female,7,11,5.5941504644
female,5,12,2.9200810322
female,6,11,7.0431161195
female,8,11,6.1244487996
female,4,11,0.6617586235
female,9,11,6.1244487996
female,9,11,6.4306712396
female,4,11,7.3493385595
female,7,11,8.1469411939
female,3,11,5.5363282791
female,7,11,1.9658158823
female,5,11,7.6052856735
female,9,11,5.8268054903
female,6,11,2.9488086813
female,8,11,3.1531815602
female,9,9,2.1435570799
female,7,12,10.770968456
female,6,11,3.1428092524
female,4,10,5.1297396657
female,9,11,5.4595086442
female,7,10,5.5120039196
female,5,10,8.3808246731
female,8,11,7.1147852012
female,8,11,10.105340519
female,4,11,10.565399825
female,7,11,7.0431161195
female,7,11,6.2988793034
female,6,11,6.3694267516
female,7,12,4.5495905369
female,7,11,6.1110612721
female,6,11,7.7205172747
female,8,10,1.65296542
female,7,11,3.7288588471
female,6,11,5.1242371292
female,8,10,1.5519415435
female,8,10,6.2278839349
female,6,10,3.6746692798
female,7,11,4.2788855337
female,8,11,5.7876041156
female,9,10,4.382633086
female,6,11,2.3530366343
female,8,11,3.3684468398
female,8,10,3.9808917197
female,6,11,5.3750436722
female,7,11,5.6869881711
female,9,11,5.9740830222
female,8,11,5.2057814797
female,5,10,3.3401218217
female,7,11,4.4585987261
female,4,10,2.8919077192
female,8,11,3.6746692798
female,9,11,4.4323330488
female,5,11,2.8999440912
female,7,11,3.8572003061
female,6,11,7.4189345686
female,5,11,6.7368936796
female,8,12,4.1159462046
female,7,11,8.3510261854
female,7,11,11.980795873
female,9,11,5.3282704557
female,7,12,3.1847133758
female,8,11,4.5495905369
female,6,11,9.9146737171
female,4,11,2.5660999863
female,5,11,10.781212319
female,8,11,6.3141776967
female,9,10,2.1435570799
female,7,11,9.1947105338
female,9,11,2.9010546946
female,8,11,1.9231360965
female,3,11,5.2057814797
female,8,11,0.551200392
female,4,11,5.397819281
female,9,11,10.734988907
female,8,11,5.6061305193
female,7,10,3.0622243998
female,6,12,6.4278618594
female,7,10,4.381355181
female,8,11,6.9874556125
female,7,10,5.178395733
female,4,11,4.0829658664
female,8,11,3.7467216186
female,5,11,7.2758801541
female,7,11,4.0420289181
female,8,11,5.2057814797
female,8,10,5.2057814797
female,9,11,8.2424531814
female,5,10,2.2747952684
female,7,11,3.81860117
female,8,12,5.5107716362
female,8,9,3.6059544142
female,9,11,4.6646780667
female,9,11,4.9914257717
female,5,11,3.0622243998
female,4,11,8.4076433121
female,9,10,8.8804507594
female,9,10,7.0431161195
female,8,10,4.1539739684
female,3,11,3.5240680798
female,7,11,5.3609062612
female,9,11,4.112255435
female,8,11,8.5805748985
female,6,10,7.4934432372
female,7,11,4.5127517471
female,4,11,3.4501061571
female,9,11,4.3883845729
female,9,11,2.4804017638
female,7,11,6.3030785563
female,6,11,3.8277804998
female,6,11,3.4616449737
female,9,10,3.954644082
female,8,11,8.5379396962
female,7,10,5.1205753251
female,8,10,2.1435570799
female,9,11,3.9479917882
female,8,11,3.0534164677
female,7,10,4.644373673
female,8,11,2.2579449331
female,9,11,9.45285949
female,8,10,6.6625802841
female,7,11,10.183676492
female,7,10,5.9195415907
female,4,11,2.1615701646
female,7,11,7.4371955398
female,7,11,6.1244487996
female,3,11,1.7975804567
female,8,11,2.8251489624
female,6,11,10.105340519
female,5,11,6.1244487996
female,6,11,6.9596009086
female,8,11,7.9950963409
female,5,11,6.8900048996
female,8,11,5.8107051067
female,8,11,7.1764129464
female,4,11,1.1921386968
female,2,11,3.8956738542
female,8,12,3.2899931568
female,6,11,3.8743471725
female,8,11,4.2685163571
female,6,11,6.1143123402
female,9,10,3.9844492637
female,8,11,8.7729840163
female,7,11,3.9472503813
female,9,10,3.6746692798
female,8,11,2.4497795198
female,6,11,3.3684468398
female,6,11,3.810768142
female,7,11,2.4497795198
female,6,11,4.3595187544
female,5,11,2.2427558984
female,7,10,4.5933365997
female,9,11,6.0966805179
female,5,11,1.8063296178
female,3,10,1.9301293187
female,3,11,4.2843677701
female,3,10,1.9904458599
female,2,10,0.2713280831
female,4,11,2.516896767
female,7,11,3.2250262033
female,9,10,7.5502924983
female,11,8,1.4764708912
female,8,10,2.6476239466
female,8,12,5.3109505859
female,8,12,3.0622243998
female,9,11,4.1340029397
female,5,11,6.4994150526
female,7,11,2.9430716994
female,5,11,2.4497795198
female,6,10,3.1890620968
female,7,11,4.5495905369
female,5,10,4.6768518106
female,6,11,4.3456127935
female,7,10,2.3161551824
female,8,10,3.0622243998
female,8,12,6.1244487996
female,7,11,4.3378615788
female,7,11,3.6053358971
female,8,10,5.7880389142
female,5,11,5.7105205359
female,7,12,2.7560019598
female,10,8,3.3602487587
female,9,11,7.279344859
female,9,11,4.8593242502
female,7,10,5.103707333
female,6,10,18.515775441
female,9,10,5.4712763351
female,10,9,5.6079290213
female,8,10,5.4507594317
female,8,10,6.7368936796
female,6,10,3.467443374
female,5,10,7.4718275355
female,5,10,4.4059192567
female,9,10,5.3588926997
female,8,10,1.7498425142
female,5,9,2.3109031298
female,9,10,10.84157745
female,10,9,2.7560019598
female,9,10,3.9808917197
female,9,10,3.4253853598
female,8,9,1.1942675159
female,8,10,3.9612989641
female,8,10,2.2442611037
female,9,9,5.9713375796
female,6,10,1.8439200687
female,8,10,4.1340029397
female,5,10,0.5186829602
female,4,10,5.6466549216
female,9,10,10.972970766
female,3,10,1.0191082803
female,4,9,3.7913254474
female,8,9,3.0622243998
female,9,10,7.0431161195
female,7,10,1.9833624226
female,8,9,3.1453959267
female,4,9,3.3523298693
female,5,11,0.5541041106
female,4,9,0.3249707526
female,9,10,4.491262453
female,3,9,0.5514655196
female,9,8,5.7124903602
female,4,9,2.4250048311
female,9,6,4.5173239373
female,8,9,4.6301517859
female,3,9,2.3272905439
female,9,8,2.1435570799
female,9,9,3.6746692798
female,3,8,1.4812620353
female,3,8,1.6761649346
male,10,12,11.45580351
male,7,14,2.9332886356
male,12,11,6.2191310837
male,12,12,6.915377616
male,11,11,4.9465625755
male,12,12,5.1345640883
male,10,12,3.0622243998
male,7,11,5.5872164488
male,11,12,7.6555609995
male,10,14,16.65645071
male,9,15,3.2168821978
male,12,12,6.8287604116
male,8,11,1.0328800138
male,11,12,3.4909358158
male,10,12,6.1309990122
male,11,13,4.6384438443
male,7,15,7.9617834395
male,8,15,8.9458240893
male,9,13,2.4497795198
male,11,12,2.6329406054
male,14,8,6.1893722851
male,9,12,2.0414829332
male,10,11,1.0927938054
male,8,14,0.734933856
male,11,12,3.5031847134
male,6,14,9.0335619794
male,9,15,8.7579617834
male,12,10,4.8995590397
male,8,13,6.3482658654
male,11,12,2.9117379436
male,5,15,3.2663726931
male,8,12,4.3329433684
male,10,12,3.2527248964
male,12,12,10.564674179
male,12,12,7.944758956
male,11,12,6.1244487996
male,15,8,3.2393778775
male,9,12,2.5294578834
male,12,11,2.9625240705
male,16,8,5.7379960804
male,9,14,9.7991180794
male,11,12,6.1244487996
male,9,15,15.716767309
male,7,12,7.4641719745
male,9,12,2.359046945
male,12,12,6.1197413063
male,8,15,12.204889584
male,8,12,5.5732484076
male,13,9,4.4232130219
male,7,12,10.96849924
male,12,10,2.0029643873
male,14,9,7.8392944635
male,11,12,4.8253232967
male,9,11,3.3406084361
male,9,13,6.2782902798
male,11,10,2.0747318409
male,10,11,3.6746692798
male,8,14,5.4109207841
male,9,13,6.6348195329
male,6,13,3.3684468398
male,9,11,6.3553038541
male,11,12,4.8995590397
male,9,12,4.7491339815
male,11,12,2.465584549
male,11,12,7.0431161195
male,6,11,2.5922085617
male,9,11,4.8995590397
male,6,12,4.9865906805
male,5,14,3.0755319901
male,9,12,4.3940855608
male,7,12,7.7248869077
male,5,14,14.382576536
male,10,10,9.6344270192
male,7,12,5.7382222987
male,9,10,4.338846561
male,10,12,4.4113344287
male,8,14,10.634977516
male,9,12,7.6963906582
male,6,14,11.660950514
male,5,14,1.3846579895
male,6,13,1.4861995754
male,4,14,5.0862935947
male,8,12,9.0346478746
male,10,11,2.4497795198
male,14,9,7.1962273395
male,12,11,5.5120039196
male,9,12,3.2143846184
male,13,8,1.0317059529
male,11,10,6.1244487996
male,3,15,6.4555000861
male,4,12,2.3437284584
male,11,12,4.8995590397
male,7,14,3.9808917197
male,8,10,0.8685581934
male,12,11,6.7368936796
male,6,12,0.8319522925
male,7,13,4.5495905369
male,6,11,6.0088931619
male,10,12,8.685581934
male,12,10,3.0622243998
male,11,8,1.5250024146
male,10,12,5.3453669735
male,13,10,7.0431161195
male,6,12,6.1244487996
male,6,14,3.595644134
male,14,9,3.6761120239
male,8,14,2.0489883852
male,6,14,2.4497795198
male,9,12,3.0013005636
male,11,9,5.0752404395
male,8,14,4.4855117969
male,11,12,8.9530094902
male,7,10,1.0734988907
male,7,14,14.290380532
male,8,13,4.8995590397
male,9,12,8.2680058795
male,7,12,3.434494817
male,11,12,7.3493385595
male,7,14,4.8510485541
male,12,10,4.7283954051
male,10,12,5.5120039196
male,9,12,6.808697562
male,12,10,2.6175726376
male,7,12,4.0256208402
male,8,12,5.4373155197
male,9,12,12.283894449
male,9,12,3.9808917197
male,11,10,4.0483644608
male,6,13,11.092493885
male,9,12,5.2057814797
male,10,9,3.1222680155
male,13,9,3.9808917197
male,10,11,7.2640521177
male,8,12,5.8301389031
male,8,13,3.1919678482
male,11,11,3.9156311997
male,8,12,3.3328395793
male,7,14,4.6044048807
male,11,10,2.8467855899
male,8,9,1.0881708573
male,7,12,1.4329641367
male,10,9,3.8277804998
male,8,12,8.1148946595
male,8,12,7.4641719745
male,8,12,5.8168280836
male,8,11,6.4337643955
male,11,10,2.5320159348
male,9,12,4.4960659423
male,9,10,1.797822067
male,10,12,5.2057814797
male,5,12,0.3184713376
male,10,9,5.9144676979
male,8,12,10.198499893
male,8,12,4.7464478197
male,8,9,5.4284887087
male,6,11,4.2540190812
male,8,12,6.1244487996
male,9,12,4.8995590397
male,8,13,7.9617834395
male,7,13,5.8519878279
male,8,13,4.1904123366
male,9,12,2.3382623905
male,7,12,7.9617834395
male,12,10,2.7560019598
male,7,13,5.9429338517
male,10,12,2.1149175711
male,7,13,5.0526702597
male,13,8,3.1847133758
male,3,11,1.6472655392
male,6,12,5.2057814797
male,6,14,10.615711253
male,10,11,4.8131688299
male,8,13,9.9334160115
male,9,12,5.6785379658
male,8,12,3.5783296357
male,8,11,4.6161699106
male,7,12,8.0394370932
male,9,13,7.1451902662
male,8,10,7.4332435081
male,4,12,2.0080159999
male,10,11,2.0029643873
male,8,12,3.2812198417
male,4,12,1.9935607986
male,11,11,9.3755580689
male,7,13,5.9713375796
male,7,13,9.7531847134
male,5,12,4.5933365997
male,9,12,7.0431161195
male,9,11,5.5975028473
male,5,12,6.2556869882
male,4,11,2.7613121755
male,9,8,4.8995590397
male,10,11,10.105340519
male,8,12,2.5697342412
male,6,11,7.7351672126
male,9,10,2.7560019598
male,8,11,9.3539080335
male,6,11,5.7758025959
male,7,12,5.0065363113
male,11,8,5.7091510244
male,8,9,0.5258194897
male,6,12,2.1435570799
male,8,11,7.6555609995
male,7,12,8.5742283195
male,7,12,3.1120977614
male,9,12,3.976910828
male,5,12,3.7659204286
male,9,12,7.3493385595
male,12,8,1.0411562959
male,6,9,5.8182263596
male,7,11,0.2211606511
male,6,11,4.8995590397
male,4,11,3.1070374398
male,8,11,3.8370040672
male,8,12,4.3866575424
male,2,12,3.7284449278
male,8,11,4.5933365997
male,8,12,6.3220116641
male,12,8,6.050955414
male,7,11,4.3927081045
male,3,12,6.4306712396
male,5,12,5.7324840764
male,5,11,4.5933365997
male,5,12,3.6860108516
male,8,12,7.1560454928
male,9,12,7.0431161195
male,8,11,4.7770700637
male,3,11,9.4928956394
male,7,13,3.7913254474
male,9,12,3.3684468398
male,9,11,3.9808917197
male,6,10,5.7324840764
male,10,11,2.2058620785
male,10,10,1.905384071
male,5,11,4.7770700637
male,3,12,2.3810941127
male,4,12,4.556988245
male,10,11,7.9617834395
male,8,11,5.5386319579
male,5,13,9.6630192172
male,5,12,5.2057814797
male,4,11,6.4078739956
male,7,11,5.6962353063
male,5,11,39.808917197
male,7,12,4.5933365997
male,8,12,9.5694512494
male,6,12,8.5742283195
male,7,12,0.7625370055
male,6,12,5.7253274172
male,6,11,18.473419092
male,2,13,3.3641338477
male,10,9,4.7321149715
male,7,8,2.1435570799
male,9,11,4.1340029397
male,9,11,7.6846912084
male,6,11,3.7052915238
male,7,12,5.4075133238
male,6,12,3.9676661659
male,5,11,6.0983873154
male,6,11,3.3174097665
male,5,11,11.722871322
male,6,11,3.7454626395
male,8,10,7.9617834395
male,9,9,2.5409947147
male,7,11,4.220026558
male,9,11,4.4585987261
male,7,11,7.6555609995
male,8,11,5.3841308128
male,8,11,5.6653096901
male,7,11,5.2057814797
male,7,10,5.4491293502
male,7,11,4.1141335448
male,5,12,11.889596603
male,4,10,3.0622243998
male,4,11,4.5627143557
male,9,10,4.8995590397
male,10,10,0.8261253893
male,7,8,1.8373346399
male,4,11,6.2775600196
male,4,11,4.7464478197
male,7,11,5.2057814797
male,7,11,3.2094010764
male,7,10,5.2057814797
male,8,10,5.8182263596
male,8,10,6.2394384505
male,2,11,11.811436971
male,9,10,5.8182263596
male,9,11,2.9047966114
male,5,12,4.1033806957
male,8,11,7.3493385595
male,7,10,0.5047089344
male,9,9,0.4697217368
male,7,11,4.631508372
male,8,11,3.5985461873
male,4,11,6.4306712396
male,7,10,6.3694267516
male,5,10,4.3517822526
male,8,10,4.6848373288
male,4,10,3.970443185
male,8,11,10.707113441
male,7,10,4.7464478197
male,5,10,9.8436595252
male,2,12,4.5062611032
male,8,9,5.4639690271
male,8,10,4.199622034
male,7,11,3.1847133758
male,8,11,5.6267020774
male,7,10,2.1435570799
male,6,9,3.6746692798
male,7,10,5.7406850551
male,8,11,7.9617834395
male,8,10,1.3780009799
male,8,11,5.1328713749
male,7,10,3.0622243998
male,9,11,6.8243858053
male,10,9,1.3132838663
male,10,9,5.5120039196
male,4,13,5.9395187293
male,6,11,6.5867908496
male,6,11,4.0946314832
male,6,11,6.6097824781
male,7,9,5.3524594551
male,5,9,2.0603506128
male,4,8,3.6396724295
male,7,10,6.5787506354
male,7,10,2.5142474019
male,8,9,5.3287526957
male,9,8,7.3493385595
male,3,8,9.0991810737
male,7,10,8.6660950514
male,7,10,2.1713954835
male,5,11,9.2993630573
male,6,10,2.8152162438
male,9,10,7.0431161195
male,6,10,7.4630507229
male,7,10,5.3928784853
male,9,10,3.2519960527
male,5,11,4.2871141597
male,5,10,5.9151437143
male,7,10,7.1349828515
male,4,10,11.636452719
male,6,9,5.1778245537
male,6,7,4.6540696515
male,3,8,0.77675936
male,3,10,5.3841308128
male,10,12,11.198992091
male,9,12,7.4535844965
male,11,12,7.8115611104
male,8,12,8.2680058795
male,14,8,1.8515775441
male,10,11,4.5122710022
male,8,10,3.7898089172
male,9,13,3.5713791194
male,10,14,10.615711253
male,11,12,5.5120039196
male,7,15,12.086732141
male,9,12,4.8995590397
male,7,12,2.5875796178
male,11,12,3.1531815602
male,8,14,2.4419527482
male,10,12,3.8781215
male,5,14,6.0776972821
male,14,10,5.4797699786
male,11,12,8.7172811381
male,14,8,5.6543213983
male,8,10,7.6007479136
male,6,14,8.1065431384
male,12,10,2.3645203718
male,11,9,4.1904123366
male,12,12,5.6617126681
male,10,12,7.9617834395
male,11,12,5.8460647633
male,7,14,4.1218216512
male,18,6,5.0616149014
male,16,8,5.2488065526
male,16,8,4.0991360283
male,11,11,12.327922745
male,9,14,25.076734039
male,10,12,5.8494735474
male,11,12,5.5120039196
male,11,13,3.0622243998
male,12,12,8.3204223332
male,8,15,0.8912444149
male,7,15,7.8283457282
male,12,11,4.3987753809
male,11,13,8.450317415
male,16,6,0.231447193
male,9,9,2.6724867489
male,13,6,3.5812037961
male,14,8,10.411562959
male,17,6,7.0063694268
male,11,13,9.5823234316
male,8,12,4.5933365997
male,11,12,6.7572331774
male,10,10,7.3493385595
male,9,14,10.3948213
male,11,12,6.5109695683
male,12,11,18.373346399
male,15,4,3.5649776595
male,9,13,9.0239812301
male,8,13,6.2101910828
male,9,12,6.4306712396
male,7,14,10.105340519
male,11,12,11.785314427
male,6,12,3.4702176457
male,9,12,4.2462845011
male,7,14,6.2554875147
male,9,13,13.609886221
male,11,12,6.4306712396
male,9,12,6.7368936796
male,9,13,5.8877054006
male,9,12,1.7416401274
male,6,13,10.436794771
male,9,13,5.1297396657
male,6,13,7.0117979155
male,8,14,10.564674179
male,18,4,9.0991810737
male,6,12,3.3075658206
male,10,11,3.5583389674
male,10,12,7.3493385595
male,10,10,5.4927119059
male,10,10,1.5611340077
male,10,11,12.151529574
male,15,8,4.7961200733
male,11,12,5.4140127389
male,9,13,6.6348195329
male,11,12,12.489072062
male,11,12,3.0622243998
male,9,13,5.9843470297
male,10,12,7.5081651296
male,9,12,12.853238294
male,11,12,5.8182263596
male,11,12,7.5569469934
male,6,13,2.3161551824
male,11,12,4.2871141597
male,6,14,11.330230279
male,11,11,3.256353145
male,10,12,4.8253232967
male,10,10,9.910291218
male,17,6,5.6068897461
male,7,12,4.1539739684
male,8,12,4.8745612895
male,7,12,1.6634305382
male,8,12,3.2587764776
male,7,10,6.9665605096
male,8,13,10.227234889
male,11,10,2.8141797135
male,9,11,5.2057814797
male,9,12,10.494250026
male,8,12,9.7991180794
male,5,13,9.7640675804
male,12,11,7.9617834395
male,10,12,4.2871141597
male,8,13,7.0431161195
male,12,9,3.6419848008
male,9,12,6.5639130646
male,7,12,13.771733517
male,10,9,4.1513954619
male,10,8,2.5477707006
male,15,6,6.7368936796
male,8,12,4.2871141597
male,8,12,9.1866731994
male,8,12,5.8182263596
male,8,12,7.0431161195
male,8,11,4.1596256337
male,10,12,4.9761146497
male,8,12,5.1309918907
male,12,9,5.3588926997
male,13,8,2.6423386087
male,7,11,3.821656051
male,10,11,4.5933365997
male,8,12,4.5924179324
male,13,8,5.5120039196
male,7,12,5.7555061008
male,8,12,4.0943318394
male,9,12,3.1800022613
male,11,11,6.9563705137
male,8,13,10.555394711
male,9,10,3.6131270066
male,10,12,9.7644513881
male,4,11,2.7936082244
male,10,11,5.2057814797
male,9,12,4.6044048807
male,10,11,9.1866731994
male,9,12,8.1570315347
male,10,12,10.110201193
male,9,12,12.169229973
male,8,12,5.9883499374
male,10,12,16.229789319
male,9,12,7.5687886445
male,11,10,10.184616379
male,11,9,7.0035301578
male,7,12,4.1226063117
male,7,12,3.3843925354
male,10,11,4.8149014321
male,5,12,7.1202941329
male,8,11,3.6746692798
male,5,12,9.1866731994
male,11,7,6.1309990122
male,7,11,2.7560019598
male,8,11,5.8182263596
male,6,11,11.330230279
male,9,9,1.6003584803
male,6,10,1.3099078152
male,6,11,2.4430677951
male,11,9,4.0904575469
male,7,10,4.3498524157
male,10,10,11.126340402
male,7,10,0.6832657788
male,6,11,7.3162334309
male,10,11,4.8995590397
male,11,10,6.7368936796
male,5,12,6.2650099196
male,10,11,3.3649801707
male,7,12,4.1690793283
male,8,11,5.2423265445
male,8,12,2.8204103697
male,9,12,8.5742283195
male,7,11,9.1866731994
male,7,10,4.1728931896
male,7,9,10.133178923
male,10,11,5.8466660247
male,10,10,7.6555609995
male,8,12,3.2497075263
male,4,13,5.6729184329
male,10,8,4.0946314832
male,6,11,7.3493385595
male,9,12,8.2009786501
male,8,11,5.2057814797
male,7,11,9.9522292994
male,8,10,2.969429721
male,14,6,5.5120039196
male,18,3,5.5168263203
male,8,12,14.392454679
male,12,7,5.0526702597
male,10,10,10.425660156
male,9,12,6.2605476618
male,6,11,2.7560019598
male,6,11,4.0693559802
male,9,11,3.7671768776
male,4,11,2.2500692329
male,8,12,4.5987089232
male,9,11,1.5833092067
male,8,12,8.9214233896
male,8,13,20.845396642
male,6,11,4.8995590397
male,9,11,4.0180587633
male,8,10,6.2520414829
male,8,11,3.4351964503
male,9,11,5.7449731485
male,7,12,5.955155093
male,2,13,4.7842464333
male,10,7,4.0355396525
male,8,13,8.9419598025
male,9,12,9.1866731994
male,14,6,5.4595086442
male,10,8,5.8159123362
male,7,11,2.6407241922
male,8,9,2.4497795198
male,8,9,2.7895299642
male,8,12,7.9123313684
male,3,10,5.925048141
male,6,10,7.9617834395
male,8,11,4.0300385311
male,9,10,4.6115951779
male,5,11,5.1537484425
male,7,11,5.3078556263
male,8,11,7.6128606593
male,8,11,8.8804507594
male,9,9,3.3684468398
male,6,9,5.1644000689
male,11,9,4.7996566834
male,11,5,3.8026428368
male,5,9,2.5578012939
male,5,10,5.5120039196
male,7,11,13.469397073
male,10,10,7.0431161195
male,7,11,5.9713375796
male,8,11,11.071436231
male,6,11,3.1154804763
male,6,9,4.8995590397
male,7,11,5.3588926997
male,7,10,3.768891569
male,8,10,5.5501228956
male,5,10,2.1055956204
male,9,11,3.8680729261
male,5,11,7.3493385595
male,9,11,10.702017848
male,8,10,5.790387956
male,9,10,6.8898338256
male,7,11,6.5837824596
male,7,12,5.3323722805
male,5,11,3.4920102805
male,5,11,5.5547326322
male,6,10,9.6282032292
male,8,10,4.0880378737
male,6,10,2.3451497613
male,6,9,0.8138109137
male,8,11,3.7988628737
male,4,11,1.6116970525
male,8,11,9.6460068594
male,6,10,3.9933710041
male,6,10,3.4663546947
male,5,12,9.9029956562
male,7,10,4.8995590397
male,4,10,2.4880573248
male,9,11,3.9277040606
male,7,10,3.0622243998
male,11,9,4.9847687621
male,12,6,2.7560019598
male,8,10,8.7334929454
male,8,10,2.1435570799
male,6,10,5.6714073816
male,9,11,2.5849946232
male,11,8,3.9808917197
male,6,11,10.411562959
male,6,10,5.2429236526
male,3,10,0.9829362271
male,10,9,3.9808917197
male,6,11,11.595623061
male,10,10,6.9993700567
male,9,9,5.9666761139
male,9,9,6.1244487996
male,6,10,6.4873790988
male,8,10,3.0399536769
male,4,10,2.3885350318
male,8,10,8.4744900899
male,8,10,6.3517010742
male,4,10,5.2057814797
male,9,10,7.0337227932
male,8,9,5.7787137867
male,4,9,3.9808917197
male,4,10,1.0049056142
male,6,10,9.1281593574
male,7,9,5.1574305681
male,4,9,4.5933365997
male,4,9,1.8312101911
male,6,9,3.7512557714
male,11,13,6.1739193069
male,12,12,8.2680058795
male,7,13,5.1049659538
male,8,14,8.5209722429
male,9,15,21.435570799
male,5,15,7.2497540262
male,12,12,13.167564919
male,8,14,6.4306712396
male,5,14,13.609886221
male,12,12,5.6242178822
male,11,11,4.7926461637
male,9,14,13.221963716
male,5,15,8.2680058795
male,11,12,7.279344859
male,8,15,12.555120039
male,11,12,7.4271562443
male,11,12,8.4925690021
male,9,12,15.311121999
male,9,15,13.780009799
male,10,13,9.7991180794
male,12,12,3.9808917197
male,11,12,6.8858667585
male,14,9,2.7573275981
male,13,11,4.0884833878
male,12,12,7.6555609995
male,6,12,2.6670013492
male,9,15,7.8358501338
male,15,8,3.6189924725
male,9,12,7.5126571942
male,11,12,5.5409263373
male,12,12,5.8182263596
male,6,14,5.1844171234
male,9,12,10.717785399
male,11,13,4.4855117969
male,14,5,7.5004464551
male,9,14,10.291712884
male,9,15,16.331863466
male,8,14,5.4190149065
male,8,15,5.6869881711
male,9,15,15.938603297
male,10,12,4.9330412199
male,11,12,9.9604204346
male,10,12,5.1412413242
male,11,12,7.3738363547
male,5,15,11.745042237
male,7,14,4.9340629766
male,7,13,8.685581934
male,12,12,9.2547226305
male,10,12,4.8995590397
male,12,11,1.6359828985
male,14,8,4.0899572463
male,8,14,7.446842222
male,12,12,7.8086722195
male,12,12,3.6746692798
male,10,12,5.1208114096
male,12,12,7.4387465712
male,10,13,8.3319301627
male,11,13,7.3091782395
male,11,12,5.0480305257
male,9,14,5.1760605696
male,12,12,5.3588926997
male,10,14,6.7368936796
male,15,8,2.9322169189
male,11,13,11.146496815
male,10,13,7.9355261837
male,9,15,7.1043606075
male,9,14,7.2852920361
male,12,12,5.5676807269
male,9,15,14.147476727
male,11,12,8.8804507594
male,10,12,10.166585007
male,8,14,10.071315804
male,11,12,5.0271718639
male,11,12,5.3588926997
male,11,12,5.5120039196
male,9,13,4.2951310899
male,8,15,9.7991180794
male,9,12,9.1866731994
male,8,16,8.9825249061
male,10,12,7.5024497795
male,10,12,11.024007839
male,12,12,4.6976249361
male,9,14,12.310142087
male,8,13,7.6555609995
male,12,12,8.6763024661
male,14,10,5.3524594551
male,11,12,5.4140127389
male,10,14,11.715960067
male,7,15,12.248897599
male,11,13,6.1244487996
male,11,12,2.5802075961
male,8,15,5.2380154207
male,5,14,8.4256983801
male,11,10,4.2510879903
male,7,14,5.1858359568
male,11,13,14.345555747
male,7,16,8.5742283195
male,7,13,2.585693664
male,8,15,8.4925690021
male,10,12,5.3588926997
male,8,15,9.6641629051
male,11,13,7.1025981762
male,11,12,6.3088616795
male,7,14,6.7472741013
male,9,12,5.2727042646
male,11,11,12.35858922
male,12,12,4.9488233445
male,11,12,11.769592911
male,9,12,5.103707333
male,12,12,9.1866731994
male,11,12,10.105340519
male,12,12,5.8578418929
male,10,14,4.5933365997
male,9,14,11.636452719
male,10,12,0.3382370661
male,10,12,8.1242688158
male,9,12,3.3113227761
male,8,12,2.769315979
male,9,12,3.3641338477
male,6,14,4.4541445815
male,10,12,10.044096031
male,6,14,11.330230279
male,12,12,6.7368936796
male,10,14,4.6155266316
male,10,12,6.5837824596
male,9,14,4.9902916145
male,12,12,8.8192062714
male,9,12,3.5739561217
male,9,12,4.6605561597
male,10,12,4.7022613602
male,15,9,3.9291918273
male,11,12,9.8207020399
male,10,14,3.5828025478
male,11,12,8.2680058795
male,12,11,6.4306712396
male,9,15,5.9416294325
male,10,12,3.9925281725
male,6,15,6.0661207158
male,9,15,8.5742283195
male,9,15,8.2680058795
male,9,14,11.996229756
male,9,15,12.119961835
male,9,14,6.304210778
male,9,15,9.3525759897
male,7,14,6.8403591715
male,7,14,7.2544723822
male,12,12,3.6557416234
male,8,15,6.9205039152
male,7,15,11.266674679
male,8,15,9.1866731994
male,7,15,3.5884094375
male,11,9,3.4551135681
male,9,15,9.7206054965
male,9,15,14.618356479
male,8,14,11.557427573
male,12,12,6.5981630714
male,9,15,3.9196472317
male,10,12,4.4541445815
male,8,15,5.2432642565
male,8,9,18.373346399
male,10,12,7.8143430054
male,10,12,7.0063694268
male,9,15,13.491889178
male,10,14,7.1451902662
male,9,15,7.5513822313
male,7,15,7.9617834395
male,9,15,7.7351672126
male,8,16,8.7103271817
male,12,12,5.0516143202
male,6,13,4.8995590397
male,6,15,2.6818638954
male,8,15,14.336330309
male,7,14,12.003919647
male,8,15,15.004899559
male,14,10,3.3587711521
male,8,15,10.411562959
male,11,12,4.8124557679
male,7,15,7.9617834395
male,9,15,8.2067613915
male,9,14,6.2814859483
male,9,15,22.911836136
male,10,12,5.2057814797
male,12,12,5.5547326322
male,12,7,4.0725234985
male,6,15,6.9160150368
male,11,12,6.2738255996
male,8,14,13.081822636
male,9,10,1.8947028945
male,11,12,6.1048818705
male,12,12,8.3079479369
male,11,12,9.5066070919
male,9,15,9.7338418226
male,11,13,3.9808917197
male,11,12,7.6555609995
male,9,14,9.7991180794
male,8,15,7.0415773133
male,8,16,6.1269034885
male,10,12,0.4152168678
male,12,12,5.2902215545
male,8,14,7.3493385595
male,16,8,5.5947667413
male,13,11,3.330754134
male,9,13,9.0641842234
male,8,14,3.3862775135
male,11,12,6.6230764895
male,10,11,4.7131064758
male,12,12,7.3493385595
male,6,14,4.8658722319
male,9,15,7.2019750696
male,8,14,5.3078556263
male,11,12,17.692852088
male,8,13,9.7991180794
male,7,14,10.810639946
male,7,14,10.264990736
male,8,14,8.8804507594
male,7,14,9.2119808391
male,9,13,11.186207853
male,9,14,5.7842016441
male,9,14,11.352636799
male,11,12,5.9713375796
male,7,12,3.0622243998
male,9,12,15.311121999
male,6,14,7.3817859704
male,7,14,8.7035645053
male,7,13,9.0991810737
male,10,12,7.7257197796
male,11,10,3.0622243998
male,12,10,4.6273613153
male,8,12,6.3694267516
male,9,11,4.6768518106
male,7,14,10.105340519
male,9,14,4.7770700637
male,7,13,9.7991180794
male,9,13,7.6555609995
male,8,14,3.9996400324
male,11,12,9.1866731994
male,6,12,13.480268257
male,8,12,9.6379483741
male,11,12,13.159972627
male,6,13,10.973544216
male,13,9,4.0385858026
male,10,12,8.8071085948
male,8,14,9.8036885636
male,10,13,17.31868301
male,9,13,9.1866731994
male,12,11,4.2392191358
male,10,10,3.9808917197
male,9,10,1.0944032219
male,8,14,9.2310532632
male,11,12,4.8737038469
male,8,14,10.17074132
male,9,12,4.649216607
male,7,14,8.7652661719
male,5,14,2.6613203697
male,10,13,7.3528735949
male,11,11,8.8804507594
male,8,12,7.3493385595
male,8,12,6.3030785563
male,10,12,4.1093075817
male,10,12,4.5933365997
male,11,12,6.1244487996
male,11,12,10.207414666
male,9,14,11.024007839
male,8,14,6.1281699837
male,11,12,9.7991180794
male,9,12,2.2037420765
male,11,12,5.9620219204
male,8,12,5.8182263596
male,6,14,2.7793862189
male,13,8,3.3777263077
male,10,13,7.9795950356
male,9,12,2.1435570799
male,7,12,2.9675738274
male,13,9,2.7751399344
male,10,13,7.1962273395
male,4,16,12.738853503
male,10,12,7.7168054875
male,8,14,13.800424628
male,11,12,9.749122579
male,9,14,10.105340519
male,11,12,10.748407643
male,10,13,9.4472371803
male,5,15,22.11606511
male,14,8,6.6878980892
male,5,14,7.7604509847
male,10,13,10.317978539
male,6,12,2.6539278132
male,10,12,9.0641842234
male,8,14,5.4622227922
male,10,13,12.827317764
male,11,12,7.6555609995
male,7,15,9.969781732
male,8,14,20.414829332
male,11,12,7.0431161195
male,9,13,13.780009799
male,4,12,4.2019792599
male,11,12,8.5742283195
male,9,12,10.717785399
male,7,12,5.9710801547
male,7,13,10.991488642
male,11,11,6.6348195329
male,9,13,15.311121999
male,8,12,7.2243025538
male,10,10,4.0289830291
male,7,12,2.3161551824
male,10,12,11.636452719
male,5,13,4.1721135927
male,16,7,4.5933365997
male,11,12,7.6555609995
male,11,12,4.1646251837
male,11,12,3.7111463594
male,12,10,7.4412052915
male,7,14,5.4532763284
male,10,12,6.7759859059
male,8,12,9.6926059263
male,12,10,7.3493385595
male,8,13,6.2856185049
male,9,13,10.384934921
male,9,13,7.0171650653
male,9,12,2.6807351648
male,7,14,13.846579895
male,11,12,7.0431161195
male,5,12,3.8346814635
male,11,9,0.1846210653
male,10,12,7.0219867712
male,9,14,6.6589461494
male,11,12,5.8182263596
male,5,13,9.7991180794
male,9,11,3.595644134
male,11,12,3.7665360118
male,11,12,6.4306712396
male,11,10,4.2150618209
male,6,13,7.4641719745
male,14,7,3.5361147823
male,8,12,7.3616490094
male,8,14,7.0410329737
male,9,14,6.7341956845
male,9,12,1.0424593701
male,11,12,3.0707474896
male,9,12,3.8837967998
male,8,13,2.2768281507
male,9,14,6.1856932876
male,6,15,16.798488136
male,8,14,8.9350675874
male,9,13,3.4491480604
male,9,13,8.5742283195
male,8,13,6.4467882101
male,7,14,7.5026651258
male,8,13,4.2914577404
male,10,11,3.6746692798
male,6,15,7.0147871714
male,9,13,4.8995590397
male,8,12,7.1812164356
male,8,10,7.9047778301
male,12,10,6.6753817484
male,6,13,4.342790967
male,4,14,12.248897599
male,9,12,4.5495905369
male,3,15,4.4089975042
male,9,14,7.8937340084
male,6,13,14.698677119
male,10,12,4.5495905369
male,11,12,7.5163689813
male,10,12,8.0842724155
male,9,14,22.123968204
male,6,13,7.9940173805
male,5,13,18.462291147
male,10,12,7.0431161195
male,7,13,12.243291696
male,8,14,7.6555609995
male,10,12,3.8277804998
male,9,10,7.5998841922
male,9,13,9.2162123415
male,9,13,11.636452719
male,12,9,5.1995320421
male,11,12,2.9941749687
male,9,12,7.2132396973
male,8,10,0.8165931733
male,8,14,7.4854374217
male,7,14,7.7748871146
male,6,15,6.7254816632
male,5,13,7.6203074003
male,5,14,8.0152182277
male,2,14,2.4674038329
male,8,15,12.397910952
male,9,14,14.297568853
male,11,11,2.6028907398
male,11,9,3.6746692798
male,12,10,1.6326281831
male,9,12,7.0431161195
male,5,14,3.5985461873
male,9,14,10.887908977
male,8,14,8.4211170995
male,9,12,7.237984945
male,9,14,4.9248144987
male,9,13,8.800847268
male,9,12,6.0792793291
male,7,14,4.376821276
male,13,8,2.895193978
male,13,9,3.2663726931
male,10,12,4.9495545401
male,9,12,10.717785399
male,9,10,2.0445073524
male,10,12,7.259273136
male,4,14,6.1244487996
male,4,15,4.2462845011
male,9,12,6.5919034945
male,8,12,9.9522292994
male,10,12,8.2680058795
male,7,13,7.621536284
male,10,12,3.3188502396
male,9,14,6.5327453862
male,11,12,9.0474811812
male,11,12,3.6941119744
male,9,12,8.4628747049
male,9,12,8.9825249061
male,7,12,8.3369460099
male,9,12,2.2966682999
male,6,13,15.923566879
male,9,12,5.3674944536
male,8,13,6.1175285185
male,10,12,4.281637471
male,8,13,11.024007839
male,7,13,7.6555609995
male,9,12,5.6533373535
male,10,12,11.903909922
male,7,13,5.3343949045
male,10,12,5.4630560832
male,10,12,6.4306712396
male,7,13,8.2333703073
male,9,12,3.3121019108
male,9,13,6.6905743189
male,5,12,4.0829658664
male,8,12,4.7782646299
male,5,12,13.525809704
male,7,12,4.5150366847
male,9,12,5.1518684968
male,11,10,6.9028270214
male,9,12,11.082335923
male,8,12,8.2325924
male,9,13,8.6329420435
male,10,12,5.824426814
male,8,12,4.6584903103
male,9,13,4.6809435445
male,8,12,3.9808917197
male,9,12,13.859400802
male,9,12,6.7254816632
male,8,12,6.6450269476
male,7,13,9.9105112511
male,9,13,9.7991180794
male,10,10,3.5840825773
male,10,12,5.0526702597
male,9,13,3.3116603561
male,5,12,3.9512572901
male,8,12,16.854050941
male,4,12,4.4293649177
male,7,13,10.110201193
male,5,12,6.6668718012
male,8,12,3.5102051236
male,11,9,7.9617834395
male,10,12,6.7368936796
male,10,8,3.3684468398
male,10,12,2.526731791
male,9,12,5.6617126681
male,10,12,6.4306712396
male,9,13,9.7991180794
male,10,12,3.9057805552
male,9,12,5.4140127389
male,9,12,7.1912882679
male,9,13,3.7309200747
male,7,14,4.753303546
male,6,13,7.9895248452
male,7,12,4.8410409621
male,8,12,7.891325179
male,10,12,12.065433935
male,8,13,8.3960625362
male,10,12,4.8995590397
male,9,13,10.411562959
male,8,10,5.3078556263
male,10,12,2.9091131798
male,9,12,6.8900048996
male,13,8,7.1063852187
male,5,13,2.1435570799
male,8,12,8.2566643076
male,7,12,5.9470638496
male,8,10,4.6044048807
male,9,13,13.167564919
male,9,12,4.8995590397
male,11,10,5.1995320421
male,10,12,5.8182263596
male,9,13,5.1122724748
male,9,12,6.2556869882
male,9,7,10.947452229
male,10,12,7.0041806203
male,8,12,7.8473430204
male,10,8,6.9695855033
male,9,12,6.6400396899
male,9,12,12.248897599
male,7,14,4.4657439164
male,6,13,4.8770495801
male,10,12,7.6555609995
male,6,13,7.8392944635
male,7,13,12.950775281
male,5,14,6.4143270409
male,10,12,4.7264965506
male,10,12,6.324781237
male,10,12,9.9700329296
male,6,12,1.2550594584
male,10,12,11.758941695
male,9,13,7.6555609995
male,8,12,9.1866731994
male,5,12,9.5066070919
male,9,12,4.2091449865
male,9,12,7.6402498775
male,7,12,4.1704579921
male,10,12,8.4211170995
male,11,10,21.873031427
male,9,12,6.3796341663
male,7,13,6.2752972922
male,9,12,3.7273753796
male,7,11,2.4454049136
male,7,12,6.3694267516
male,4,14,8.5742283195
male,8,12,9.5925101681
male,9,12,10.411562959
male,13,9,4.4134610562
male,10,12,9.7991180794
male,10,11,4.0059287746
male,7,12,3.7467216186
male,9,12,3.3544069014
male,9,12,5.5363394778
male,16,6,4.5036350769
male,10,12,6.050955414
male,12,8,1.8699983668
male,9,12,15.923566879
male,9,12,4.303666724
male,8,13,6.4773831372
male,7,11,6.9611221329
male,4,13,5.5479093984
male,10,12,12.926880861
male,6,12,9.5137068732
male,10,12,5.5120039196
male,7,12,5.4830072467
male,8,12,5.869263433
male,9,12,4.1618413434
male,11,11,4.6545810877
male,6,12,7.9617834395
male,6,13,18.702175865
male,6,12,4.2314373525
male,8,13,12.744686312
male,5,12,6.8025477707
male,10,11,10.432681748
male,10,12,6.4207930964
male,7,11,0.4246284501
male,10,12,3.1100716561
male,6,12,6.7368936796
male,10,12,4.4096031357
male,7,13,2.1826696033
male,9,12,6.2399189988
male,10,10,3.9667248453
male,12,9,3.0761436016
male,6,15,5.4354483097
male,6,13,4.8045244893
male,7,11,3.6746692798
male,8,12,4.6834020232
male,13,8,3.9808917197
male,9,12,5.5120039196
male,9,12,5.8182263596
male,8,11,3.3352773235
male,13,8,4.3169250935
male,10,11,6.9205039152
male,8,10,4.1433700058
male,8,12,4.9128972222
male,5,13,5.5732484076
male,7,12,15.923566879
male,8,12,8.3442271855
male,7,12,4.0041299741
male,8,12,4.8995590397
male,9,9,1.0484653089
male,12,9,3.8663336846
male,9,12,2.2781854253
male,9,11,0.1534801627
male,10,12,4.6954107464
male,10,12,4.8042520159
male,8,13,4.2747830548
male,10,12,6.4306712396
male,9,12,5.09216538
male,10,12,10.068145448
male,9,12,3.0622243998
male,16,5,4.303666724
male,9,10,3.6396724295
male,7,12,3.3523298693
male,9,11,3.2587764776
male,10,11,8.1188444178
male,11,9,4.4541445815
male,10,11,6.5089032498
male,8,11,6.4306712396
male,5,13,5.124826122
male,8,13,5.4867721081
male,8,13,13.780009799
male,3,13,11.072174449
male,5,13,6.1845448551
male,8,13,6.1244487996
male,8,13,4.8995590397
male,7,13,3.3289686855
male,9,12,5.1935965033
male,10,12,8.8532572609
male,9,13,7.0431161195
male,9,12,7.0431161195
male,12,10,6.4306712396
male,6,12,4.1315200551
male,10,12,3.9196472317
male,9,12,5.1295555665
male,10,12,8.1065431384
male,8,13,10.717785399
male,5,12,6.8648929375
male,8,14,3.9371456569
male,7,12,6.7368936796
male,14,7,6.1639613725
male,8,9,1.9359959731
male,9,12,5.2057814797
male,10,12,11.222323324
male,6,11,1.2962342161
male,7,12,6.1244487996
male,5,12,20.614742184
male,6,11,8.4335342623
male,10,11,8.9082891631
male,8,12,3.2801680001
male,8,12,6.5260519996
male,5,11,7.6555609995
male,9,11,7.621536284
male,8,12,8.1413725396
male,8,11,3.1980385364
male,6,12,6.8593826556
male,7,12,5.4861556861
male,7,12,7.2983014862
male,9,12,1.3673188018
male,6,12,4.9712599037
male,9,12,7.5659710644
male,4,12,6.8593826556
male,3,11,1.6331863466
male,7,12,4.4541445815
male,9,9,2.0486460312
male,7,11,6.4380998163
male,8,11,1.4361728865
male,6,12,12.384996461
male,9,11,7.3187163155
male,5,12,3.9374638101
male,9,12,7.2255911352
male,8,11,5.9184938842
male,7,12,7.0431161195
male,9,12,6.1069503745
male,9,12,8.9082891631
male,8,11,8.1659317328
male,7,12,8.605666168
male,8,12,5.3201708366
male,9,11,9.3805990451
male,8,12,5.9916897868
male,8,12,7.5161162878
male,6,12,4.4096031357
male,7,12,10.044974089
male,6,11,4.0734705969
male,5,12,8.5742283195
male,5,12,4.590577839
male,7,12,9.164642808
male,8,12,6.4050101413
male,9,11,6.3262929361
male,3,11,9.4580814873
male,6,12,6.2309609526
male,5,12,1.070491891
male,9,12,11.942675159
male,9,11,10.176007236
male,6,12,2.3945213352
male,5,11,11.795234725
male,7,11,1.7515923567
male,9,12,3.6746692798
male,6,11,5.118289354
male,8,12,6.6776248202
male,10,11,5.8115207588
male,9,12,4.7120759132
male,5,12,5.601254681
male,7,12,6.6144047036
male,8,11,6.3838192063
male,9,12,11.636452719
male,9,12,5.2057814797
male,8,12,7.5073888511
male,8,10,3.8191099776
male,7,11,4.3074221051
male,8,12,2.5376202198
male,7,11,3.3684468398
male,6,12,4.0829658664
male,8,12,3.5454214735
male,5,12,3.5385704176
male,8,12,5.2470206048
male,5,12,7.9617834395
male,4,13,8.8158155731
male,9,12,5.1886714008
male,9,11,8.2921747783
male,11,7,4.438624914
male,7,13,10.050838544
male,8,12,5.8182263596
male,8,12,5.6036012477
male,5,12,4.3695275868
male,3,12,18.939639628
male,5,12,9.3120274146
male,9,11,9.7991180794
male,7,12,6.7177547771
male,9,12,5.8593211459
male,4,12,3.3011713656
male,6,12,11.548960594
male,13,7,6.8900048996
male,8,12,28.30856334
male,8,12,9.1866731994
male,9,11,8.5304822566
male,9,12,6.9107704357
male,8,12,12.356393698
male,9,11,8.2680058795
male,7,10,4.3126326964
male,7,12,11.022862012
male,8,11,8.0239465948
male,7,12,4.2690527826
male,10,11,7.3984225896
male,8,12,4.9914982399
male,9,12,9.7494603864
male,10,10,4.4637203412
male,3,11,2.3189660503
male,5,12,11.163177425
male,6,12,9.2310532632
male,8,11,5.9883499374
male,8,12,8.5742283195
male,4,12,4.2871141597
male,9,12,7.3737874569
male,6,11,4.5933365997
male,10,11,3.7913254474
male,10,11,5.0045495905
male,9,12,7.8392944635
male,8,12,8.3598726115
male,6,12,5.397819281
male,6,12,9.7292669322
male,9,11,6.1392065076
male,5,11,5.766559199
male,9,11,3.5451354833
male,9,11,4.0087301234
male,8,12,5.116005423
male,9,12,5.4987856848
male,9,12,3.8512812917
male,10,11,5.5120039196
male,8,12,7.0836998164
male,8,12,7.6555609995
male,9,11,6.384750152
male,7,12,7.6555609995
male,8,12,6.0048467692
male,9,11,4.6001415428
male,6,12,4.7784754977
male,7,11,7.6740081344
male,6,12,9.5466817822
male,9,12,13.473787359
male,7,12,6.9715118674
male,8,11,6.2257554715
male,9,12,6.9213620774
male,5,12,3.2364973331
male,9,12,13.167564919
male,9,12,3.8277804998
male,9,12,4.0996895417
male,4,12,9.8896829415
male,11,8,4.8995590397
male,11,9,2.8886289123
male,9,12,11.636452719
male,7,10,2.2747952684
male,10,11,8.8119274465
male,6,11,6.8243858053
male,7,11,3.3736403724
male,8,12,3.9129584139
male,9,12,27.454425653
male,5,12,8.358071303
male,7,11,6.3137174797
male,9,12,7.1266313305
male,8,10,2.7874952961
male,6,12,8.1659317328
male,8,12,4.5116772824
male,5,11,4.7464478197
male,5,11,3.3684468398
male,9,12,4.5933365997
male,6,11,5.6651151396
male,8,11,0.5250970117
male,7,12,5.3674944536
male,7,12,1.7860773894
male,9,12,4.0167556091
male,7,12,8.6395404956
male,8,11,2.9936305732
male,11,10,7.6619673267
male,8,12,4.2389124794
male,10,8,5.8593211459
male,9,12,7.621536284
male,5,12,17.233469821
male,8,11,8.9046262152
male,6,12,7.5661684472
male,10,9,4.0846023257
male,9,11,7.9617834395
male,10,8,3.9662420382
male,12,8,3.4821467435
male,9,9,4.2652411283
male,3,12,1.9337918031
male,8,12,10.499055085
male,3,12,2.9488086813
male,2,11,2.5325752491
male,9,9,8.1178968403
male,8,11,6.4306712396
male,7,10,3.2996835316
male,6,12,4.5333998232
male,9,7,2.3094368207
male,12,8,2.5110240078
male,6,12,2.2419664736
male,7,10,3.6491507431
male,11,9,5.1445369917
male,8,12,4.3203476028
male,8,12,4.8348046337
male,10,11,2.8266686767
male,7,10,2.5905504326
male,8,13,8.7961214279
male,6,12,3.3790062343
male,9,12,6.1244487996
male,8,9,1.9617459539
male,6,12,3.843502877
male,6,12,4.0829658664
male,3,11,2.6539278132
male,7,12,3.6087403692
male,7,12,5.6344928956
male,9,10,5.5120039196
male,8,12,4.8995590397
male,10,7,1.9324717086
male,8,11,5.2057814797
male,9,10,6.4313583505
male,7,12,7.8937340084
male,12,9,4.3342253043
male,9,11,7.0147871714
male,6,11,5.2684319856
male,7,11,7.3493385595
male,8,10,5.0685093514
male,9,11,8.6596857446
male,9,11,9.4054035137
male,8,8,2.6152928058
male,9,11,11.263354114
male,8,11,6.1244487996
male,9,11,7.9216736992
male,8,11,5.9316169305
male,8,11,8.5742283195
male,9,10,3.9398515989
male,6,11,4.9261870779
male,7,11,2.0679956986
male,10,7,3.8663336846
male,7,11,7.9617834395
male,5,11,4.7180938901
male,9,11,1.6703042181
male,8,10,4.4437861058
male,4,11,8.3243993189
male,10,10,11.200781702
male,4,11,4.9761146497
male,10,10,3.2447410859
male,8,10,2.9652824728
male,7,10,4.1467622081
male,9,10,3.9664307742
male,8,11,5.4626301472
male,9,10,7.0890753053
male,5,11,14.623683868
male,3,11,6.3893045881
male,10,10,3.7031550881
male,9,10,7.3891261619
male,12,8,9.4928956394
male,7,11,11.651390399
male,11,8,6.7368936796
male,6,11,11.268985791
male,9,10,4.5512038668
male,8,11,4.2871141597
male,5,11,4.6044048807
male,8,10,3.9808917197
male,7,10,10.846944567
male,6,11,4.5964935321
male,6,11,3.3700670643
male,6,11,10.795638562
male,8,11,3.1222680155
male,8,11,6.7270210273
male,8,11,4.7668133378
male,8,10,4.1340029397
male,9,11,7.0186520679
male,9,11,8.5742283195
male,7,11,4.3649249339
male,9,11,5.7382222987
male,9,10,7.6555609995
male,4,11,4.4402253797
male,9,11,2.1362886422
male,9,10,7.2106717943
male,6,10,5.0729947579
male,6,11,9.4783136184
male,10,9,5.5120039196
male,6,9,3.7913254474
male,9,11,10.593641167
male,7,11,8.062918665
male,6,10,5.1819065098
male,8,11,8.2232974032
male,6,11,4.4232130219
male,6,11,10.166585007
male,4,11,5.2877119617
male,6,11,7.3588926997
male,6,10,8.5304822566
male,6,11,24.880573248
male,5,10,3.8299033167
male,7,11,15.311121999
male,4,11,9.9714050784
male,7,11,13.381920627
male,8,11,7.6555609995
male,7,11,4.7775478185
male,9,10,5.3189367445
male,6,10,2.6305451893
male,8,11,4.1596256337
male,5,11,6.1244487996
male,8,11,4.1010393572
male,9,11,5.4207887248
male,5,11,6.1244487996
male,6,11,7.4235743026
male,6,8,10.070239923
male,7,8,3.8996490316
male,8,12,6.1433514194
male,10,10,5.2018911764
male,6,9,5.5120039196
male,9,10,8.1659317328
male,9,11,4.5933365997
male,9,11,7.9795950356
male,5,11,7.4703153259
male,7,11,7.0431161195
male,5,10,6.1132523667
male,7,10,6.8243858053
male,7,9,3.2663726931
male,6,10,7.7424150141
male,4,11,10.564674179
male,7,10,4.5166060055
male,5,10,1.5923566879
male,8,11,8.6752048946
male,7,11,5.4765164593
male,8,10,4.8995590397
male,7,11,5.8976173626
male,5,11,7.8392944635
male,10,9,5.9319457524
male,8,11,6.1426222382
male,7,11,5.8197807883
male,10,9,2.8155619236
male,9,10,4.2564919157
male,3,11,5.5120039196
male,9,11,5.5608358277
male,8,11,10.441683199
male,6,10,7.6555609995
male,9,11,3.0819806863
male,9,11,4.5933365997
male,8,11,3.7349518125
male,5,11,7.3493385595
male,7,10,3.1453959267
male,4,11,8.3292503675
male,8,11,5.5386319579
male,6,11,6.4106379959
male,5,11,10.411562959
male,7,11,1.6147842469
male,7,11,5.0270249136
male,9,10,6.5357923757
male,7,11,5.0674753838
male,9,11,3.060385226
male,4,11,7.0251030348
male,7,11,8.8804507594
male,8,11,2.0061186619
male,4,11,12.248897599
male,8,11,4.7315741583
male,6,11,11.231422505
male,8,11,5.0955414013
male,2,11,1.7296474546
male,6,11,4.8995590397
male,7,10,6.1244487996
male,7,10,3.6746692798
male,9,10,3.2449772388
male,7,10,2.5275502983
male,9,11,7.4504762461
male,9,11,3.6746692798
male,7,11,3.3036445807
male,6,9,2.8478686918
male,12,8,4.7770700637
male,4,10,4.5951776164
male,6,11,4.7629784116
male,8,11,6.7368936796
male,8,9,0.3538570418
male,5,11,1.9730210813
male,9,11,4.8621578256
male,8,11,5.9806823959
male,6,9,1.3269639066
male,14,5,4.8862930856
male,10,7,3.2663726931
male,7,10,2.3371184265
male,7,10,4.2356952629
male,7,10,7.0458260526
male,5,10,0.3990868892
male,9,9,5.4662019527
male,7,11,1.42620393
male,9,9,2.8697417232
male,8,11,22.11606511
male,6,11,2.9973772949
male,8,11,4.8580373529
male,9,9,3.3406084361
male,9,11,7.6555609995
male,8,11,4.5933365997
male,9,10,4.0829658664
male,7,10,4.2871141597
male,5,9,2.9875359998
male,9,11,4.6545810877
male,11,8,5.5120039196
male,14,6,6.4306712396
male,8,10,7.7090963911
male,8,10,3.3273124822
male,5,12,4.4096031357
male,5,12,6.4500524067
male,8,10,3.5168613966
male,9,11,6.6438464983
male,10,9,3.814027995
male,10,10,4.0280959694
male,9,8,2.1254093538
male,7,8,1.0669056535
male,9,10,10.698497243
male,9,10,5.552042689
male,6,11,3.6746692798
male,6,10,4.6960219688
male,9,10,6.1396837469
male,5,10,2.7560019598
male,8,11,3.4286769263
male,9,8,3.6293029924
male,7,10,6.8900048996
male,9,9,2.9869834832
male,6,11,7.279344859
male,9,11,10.411562959
male,9,10,8.5687355403
male,9,10,6.3666586391
male,8,10,5.5120039196
male,3,9,3.4020677011
male,7,11,4.2255275238
male,6,9,3.9808917197
male,9,10,6.572354453
male,3,11,5.8657976596
male,8,8,5.002167606
male,9,10,6.1146496815
male,4,10,8.9082891631
male,7,10,5.6533373535
male,9,10,9.1866731994
male,6,10,1.4421343589
male,7,10,4.7662377053
male,8,10,3.5605491158
male,9,10,4.2274956316
male,7,10,7.0458260526
male,7,10,2.1231422505
male,8,10,7.5467141607
male,6,10,4.2871141597
male,9,10,4.5919123093
male,10,9,6.9358549019
male,9,10,3.6746692798
male,4,11,5.6200824279
male,9,10,5.814414462
male,9,9,7.7205172747
male,6,10,10.474168436
male,6,10,8.1774150743
male,6,11,3.6559209671
male,4,10,4.5933365997
male,9,10,5.3078556263
male,6,10,4.5933365997
male,9,9,8.8875722115
male,9,10,5.0955414013
male,9,9,7.6331345891
male,4,8,2.5332947307
male,3,11,3.8996490316
male,7,11,6.5841265297
male,4,8,1.516530179
male,8,8,4.2819675641
male,9,9,3.5934706638
male,6,8,4.342790967
male,4,10,5.790387956
male,6,8,2.0769869842
male,9,10,6.1244487996
male,4,10,2.8562451801
male,5,8,5.5120039196
male,6,9,4.2871141597
male,5,9,7.1451902662
male,6,9,4.5387839085
male,10,8,2.9091131798
male,7,7,4.1539739684
